,species,length,mass,freq,folk_generic,folk_specific,clements_group,prototype,group_size_folk_generics,group_size_folk_specific,group_size_clements,density,e1,e2
0,Catherpes mexicanus,5.0,11.97,2327,nguzhǐn,nguzhǐn-zhàn̲-quiè,Wrens,0.0,6.0,1.0,6.0,1.0,5.173257,-0.6161395
1,Cynanthus sordidus,3.75,4.0,4751,dzǐn̲g,dzǐn̲g,Hummingbirds,0.0,14.0,10.0,14.0,4.0,10.272887,1.9693002
2,Buteo brachyurus,16.0,496.01,1314,msì,msì,"Vultures, Hawks, and Allies",0.0,7.0,3.0,8.0,2.0,-9.843022,-5.014827
3,Accipiter cooperii,17.5,429.67,1551,msì,msì-lâg,"Vultures, Hawks, and Allies",0.0,7.0,3.0,8.0,2.0,-9.551854,-4.5510764
4,Caracara plancus,49.5,1078.62,0,mguîn̲-rlæ̌-dzìt,mguîn̲-rlæ̌-dzìt,Falcons and Caracaras,0.0,1.0,1.0,3.0,3.0,-10.93522,-5.91824
5,Buteo jamaicensis,22.0,1101.16,2978,msì,msì,"Vultures, Hawks, and Allies",1.0,7.0,3.0,8.0,2.0,-10.987795,-5.605502
6,Cypseloides rutilus,6.25,20.2,0,xlútsǐ,xlútsǐ-ngǎs,Swifts,0.0,7.0,3.0,3.0,,,
7,Coragyps atratus,25.0,1881.69,8865,pěch,pěch-rúx,"Vultures, Hawks, and Allies",0.0,2.0,1.0,8.0,2.0,-11.273503,-6.4367685
8,Turdus migratorius,10.0,78.5,1542,miân,miân,Thrushes,0.0,1.0,1.0,5.0,1.0,-3.7800496,-3.3312638
9,Pooecetes gramineus,6.125,25.68,198,wǐt,wǐt,New World Sparrows,0.0,12.0,11.0,10.0,1.0,1.4562726,-0.89335775
10,Glaucidium gnoma,7.25,61.25,413,mquí,mquí,Owls,0.0,3.0,3.0,6.0,0.0,-1.0793377,-3.0794528
11,Zenaida macroura,12.0,118.93,1936,mézh,mézh,Pigeons and Doves,0.0,1.0,1.0,7.0,1.0,-4.079546,-5.425621
12,Hylocharis leucotis,3.4,3.39,2753,dzǐn̲g,dzǐn̲g-dán-yǎ-guì,Hummingbirds,0.0,14.0,1.0,14.0,3.0,10.708743,2.1694148
13,Icterus wagleri,8.75,41.8,5262,mguěy,mguěy-guièe-pchôg,Blackbirds,0.0,4.0,1.0,3.0,2.0,-2.314735,-2.6376739
14,Picoides scalaris,7.0,31.59,0,càrpìntêr,càrpìntêr-psì-yèen̲,Woodpeckers,0.0,7.0,1.0,8.0,1.0,-1.541334,-0.9191831
15,Carduelis psaltria,4.5,8.77,0,mdzíl-dò,mdzíl-dò,"Finches, Euphonias, and Allies",0.0,1.0,1.0,3.0,0.0,5.8019624,3.2806814
16,Myadestes occidentalis,8.0,36.4,3842,mguîn̲-guìib-tsár,mguîn̲-guìib-tsár,Thrushes,0.0,4.0,4.0,5.0,2.0,0.489371,-2.224076
17,Sphyrapicus varius,8.5,50.3,671,càrpìntêr,càrpìntêr-diè,Woodpeckers,0.0,7.0,1.0,8.0,1.0,-3.2646132,-2.1166139
18,Columbina inca,8.0,47.5,10723,côc,côc,Pigeons and Doves,0.0,2.0,2.0,7.0,1.0,0.68796957,-2.5731986
19,Vireo huttoni,4.875,11.3,2103,mtsùu,mtsùu,Vireos,0.0,8.0,8.0,4.0,3.0,5.072225,1.2961553
20,Sayornis nigricans,6.5,18.63,1918,mguîn̲-guiùu,mguîn̲-guiùu,"Tyrant Flycatchers: Pewees, Kingbirds, and Allies",0.0,1.0,1.0,12.0,0.0,0.93463165,0.3898437
21,Corvus corax,25.0,927.97,2006,ngǎ,ngǎ,"Jays, Magpies, Crows, and Ravens",0.0,1.0,1.0,3.0,2.0,-11.650564,-5.97179
22,Geococcyx velox,23.0,179.89,686,mriě,mriě,Cuckoos,0.0,1.0,1.0,1.0,1.0,-7.6744184,-4.1566763
23,Cardellina pusilla,4.3,6.96,7578,yěets,yěets,Wood-Warblers,0.0,3.0,1.0,15.0,,,
24,Dryobates villosus,8.649999999999999,62.65,1156,càrpìntêr,càrpìntêr-ló-guì,Woodpeckers,0.0,7.0,1.0,8.0,,,
25,Mniotilta varia,5.0,10.9,2991,wǐt,wǐt,Wood-Warblers,0.0,12.0,11.0,15.0,0.0,5.6607013,0.6301306
26,Ciccaba virgata,13.2,283.97,338,dǎm̲,dǎm̲-yêt,Owls,0.0,3.0,2.0,6.0,,,
27,Aythya affinis,16.5,819.45,258,bǎd,bǎd-guìx,Waterfowl,0.0,7.0,5.0,10.0,1.0,-9.06727,-6.6278143
28,Stelgidopteryx serripennis,5.5,15.69,5161,xlútsǐ,xlútsǐ-nquǐts,Martins and Swallows,0.0,7.0,4.0,4.0,2.0,3.0913951,3.4321558
29,Empidonax affinis,5.25,11.3,393,wǐt,wǐt,"Tyrant Flycatchers: Pewees, Kingbirds, and Allies",0.0,12.0,11.0,12.0,2.0,4.1796536,1.9091451
30,Salpinctes obsoletus,5.5,16.37,1078,nguzhǐn,nguzhǐn-quiè,Wrens,0.0,6.0,1.0,6.0,1.0,5.021485,-0.5119377
31,Ergaticus ruber,5.5,8.1,0,x-quǐit-ngùbìdz,x-quǐit-ngùbìdz,Wood-Warblers,0.0,1.0,1.0,15.0,3.0,5.7743278,2.2311506
32,Catharus frantzii,6.5,28.9,357,mguîn̲-guìib-tsár,mguîn̲-guìib-tsár,Thrushes,0.0,4.0,4.0,5.0,2.0,0.07708275,-1.4674913
33,Megascops trichopsis,7.25,88.26,112,mquí,mquí,Owls,0.0,3.0,3.0,6.0,0.0,-4.107117,-3.7141604
34,Tyrannus verticalis,8.75,39.6,1155,cùchguêr,cùchguêr,"Tyrant Flycatchers: Pewees, Kingbirds, and Allies",0.0,4.0,3.0,12.0,0.0,-2.7147543,-1.506401
35,Empidonax oberholseri,5.75,10.4,1198,wǐt,wǐt,"Tyrant Flycatchers: Pewees, Kingbirds, and Allies",0.0,12.0,11.0,12.0,2.0,4.4351025,2.0022745
36,Accipiter striatus,12.0,130.59,862,msì,msì-lâg,"Vultures, Hawks, and Allies",0.0,7.0,3.0,8.0,0.0,-5.883744,-3.9304788
37,Lampornis amethystinus,4.75,5.2,562,dzǐn̲g,dzǐn̲g-yǎ-guì,Hummingbirds,0.0,14.0,2.0,14.0,5.0,10.466916,1.5605949
38,Cyanocitta stelleri,11.5,128.0,2302,cuǐl̲,cuǐl̲-guì,"Jays, Magpies, Crows, and Ravens",0.0,2.0,1.0,3.0,1.0,-6.850154,-4.0062795
39,Melozone albicollis,8.1,46.4,9110,chûurr,chûurr,New World Sparrows,0.0,1.0,1.0,10.0,,,
40,Vireo gilvus,5.25,12.67,3267,mtsùu,mtsùu,Vireos,0.0,8.0,8.0,4.0,2.0,4.552385,1.0550276
41,Dendroica coronata,5.300000000000002,11.94,0,wǐt,wǐt,Wood-Warblers,0.0,12.0,11.0,15.0,2.0,4.851474,1.1455714
42,Dendrortyx macroura,13.5,430.99,663,mtsòo,mtsòo,"Grouse, Quail, and Allies",0.0,1.0,1.0,4.0,1.0,-9.215673,-4.534994
43,Tyrannus vociferans,8.5,45.6,5119,cùchguêr,cùchguêr,"Tyrant Flycatchers: Pewees, Kingbirds, and Allies",0.0,4.0,3.0,12.0,2.0,-3.2474387,-1.7463503
44,Cairina moschata,30.0,2415.78,81,bǎd,bǎd,Waterfowl,0.0,7.0,2.0,10.0,2.0,-10.903306,-6.8339376
45,Cinclus mexicanus,7.5,56.68,16,mguîn̲-nìs,mguîn̲-nìs,Dippers,0.0,1.0,1.0,1.0,0.0,-0.8266774,-2.2855732
46,Lampornis clemenciae,5.25,7.55,886,dzǐn̲g,dzǐn̲g,Hummingbirds,0.0,14.0,10.0,14.0,5.0,10.209809,1.154183
47,Piranga rubra,7.75,29.13,2062,mguěy,mguěy,"Cardinals, Grosbeaks, and Allies",0.0,4.0,2.0,2.0,1.0,-2.1383872,-0.9517927
48,Columbina passerina,6.5,35.36,2100,côc,côc,Pigeons and Doves,0.0,2.0,2.0,7.0,0.0,2.0542638,-1.9579049
49,Vermivora ruficapilla,4.699999999999998,8.09,0,mguîn̲-tsíríic,mguîn̲-tsíríic,Wood-Warblers,0.0,1.0,1.0,15.0,0.0,6.394264,1.848919
50,Bubulcus ibis,20.0,365.95,4374,gàrs,gàrs,"Herons, Ibis, and Allies",0.0,1.0,1.0,1.0,0.0,-8.9006815,-5.4730015
51,Myiarchus nuttingi,7.25,23.0,1903,mguîn̲-rchǔup,mguîn̲-rchǔup,"Tyrant Flycatchers: Pewees, Kingbirds, and Allies",0.0,2.0,2.0,12.0,2.0,-0.19975948,-0.17265469
52,Dendroica nigrescens,5.1,8.7,0,wǐt,wǐt,Wood-Warblers,0.0,12.0,11.0,15.0,2.0,5.8860173,1.8799776
53,Micrathene whitneyi,5.5,41.0,28,mquí,mquí,Owls,0.0,3.0,3.0,6.0,0.0,-0.13505082,-2.7297316
54,Eremophila alpestris,7.5,33.33,80,mguîn̲-ló-liù,mguîn̲-ló-liù,Larks,0.0,1.0,1.0,1.0,1.0,0.66767174,-1.7686489
55,Bubo virginianus,21.5,1575.7,145,dǎm̲,dǎm̲,Owls,1.0,3.0,1.0,6.0,3.0,-10.995061,-6.2264657
56,Dendroica occidentalis,4.75,10.4,0,wǐt,wǐt,Wood-Warblers,0.0,12.0,11.0,15.0,3.0,5.3432117,1.4331061
57,Vireo cassinii,5.0,14.7,916,mtsùu,mtsùu,Vireos,0.0,8.0,8.0,4.0,0.0,3.782939,0.76758045
58,Tachycineta thalassina,5.125,14.14,2454,xlútsǐ,xlútsǐ-nquǐts,Martins and Swallows,0.0,7.0,4.0,4.0,2.0,3.2196808,3.328589
59,Cathartes aura,29.0,1518.24,13517,pěch,pěch,"Vultures, Hawks, and Allies",1.0,2.0,1.0,8.0,4.0,-11.373368,-5.9715614
60,Myioborus miniatus,6.0,9.0,3440,mguîn̲-mâ-zhiàn,mguîn̲-mâ-zhiàn,Wood-Warblers,0.0,2.0,2.0,15.0,3.0,4.9169817,2.232217
61,Baeolophus wollweberi,4.625,10.4,510,mguîn̲-pàyâs,mguîn̲-pàyâs,"Tits, Chickadees, and Titmice",0.0,2.0,2.0,2.0,2.0,5.1060147,2.6286118
62,Pheucticus melanocephalus,7.75,47.13,2627,mguěy,mguěy-guièe-dán,"Cardinals, Grosbeaks, and Allies",0.0,4.0,1.0,2.0,1.0,-3.3741188,-1.4510496
63,Selasphorus rufus,3.75,3.5,360,dzǐn̲g,dzǐn̲g,Hummingbirds,0.0,14.0,10.0,14.0,3.0,10.595083,2.465461
64,Myioborus pictus,5.5,9.79,1144,mguîn̲-mâ-zhiàn,mguîn̲-mâ-zhiàn,Wood-Warblers,0.0,2.0,2.0,15.0,2.0,4.690208,2.25407
65,Lamprolaima rhami,4.75,7.8,418,dzǐn̲g,dzǐn̲g,Hummingbirds,0.0,14.0,10.0,14.0,3.0,10.5179825,1.2114884
66,Meleagris gallopavo,38.5,5791.37,0,mèr,mèr,"Grouse, Quail, and Allies",0.0,1.0,1.0,4.0,0.0,-11.908159,-6.9765153
67,Cypseloides niger,7.25,39.67,236,xlútsǐ,xlútsǐ-ngǎs,Swifts,0.0,7.0,3.0,3.0,1.0,1.919535,3.5925124
68,Eugenes fulgens,4.525,8.0,1642,dzǐn̲g,dzǐn̲g,Hummingbirds,0.0,14.0,10.0,14.0,2.0,10.022214,1.0407828
69,Junco phaeonotus,6.25,20.4,2155,mguîn̲-x-còl-nquǐts,mguîn̲-x-còl-nquǐts,New World Sparrows,0.0,1.0,1.0,10.0,0.0,1.7568088,-0.38064978
70,Buteo albonotatus,19.5,745.92,993,msì,msì,"Vultures, Hawks, and Allies",0.0,7.0,3.0,8.0,2.0,-10.590795,-5.3629117
71,Pipilo maculatus,7.25,39.28,1523,mguîn̲-wǐx,mguîn̲-wǐx,New World Sparrows,0.0,1.0,1.0,10.0,1.0,-1.9497763,-2.1987953
72,Troglodytes aedon,4.699999999999998,10.85,2184,nguzhǐn,nguzhǐn-guì,Wrens,0.0,6.0,2.0,6.0,1.0,6.1943974,0.4597643
73,Spatula discors,15.15,359.44,2080,bǎd,bǎd-guìx,Waterfowl,0.0,7.0,5.0,10.0,,,
74,Melanerpes formicivorus,9.0,79.62,949,càrpìntêr,càrpìntêr-ngǎs,Woodpeckers,0.0,7.0,1.0,8.0,1.0,-4.5727434,-2.6614947
75,Dendrocygna autumnalis,19.5,755.3,1153,pìxîx,pìxîx,Waterfowl,0.0,1.0,1.0,10.0,1.0,-9.570844,-6.4454684
76,Amazilia wagneri,3.9,5.24,0,dzǐn̲g,dzǐn̲g,Hummingbirds,0.0,14.0,10.0,14.0,,,
77,Psaltriparus minimus,4.5,5.3,2790,mziùud,mziùud,Penduline-Tits and Long-tailed Tits,0.0,1.0,1.0,1.0,0.0,6.927453,2.7874396
78,Aeronautes saxatalis,6.5,32.1,259,xlútsǐ,xlútsǐ-ngǎs,Swifts,0.0,7.0,3.0,3.0,1.0,1.9797089,3.6120567
79,Quiscalus mexicanus,14.5,160.47,6954,mguîn̲-bǒo,mguîn̲-bǒo,Blackbirds,0.0,1.0,1.0,3.0,2.0,-7.5574727,-4.303495
80,Poecile sclateri,5.0,10.09,1172,mguîn̲-pàyâs,mguîn̲-pàyâs,"Tits, Chickadees, and Titmice",0.0,2.0,2.0,2.0,,,
81,Gallus gallus,28.0,751.72,0,nguǐd,nguǐd,"Grouse, Quail, and Allies",0.0,1.0,1.0,4.0,1.0,-10.131757,-4.492437
82,Passer domesticus,6.0,26.51,4624,mguîn̲-mòlîn,mguîn̲-mòlîn,Old World Sparrows,0.0,1.0,1.0,1.0,1.0,0.77105844,-0.59066635
83,Anser anser,32.5,3302.41,0,gâns,gâns,Waterfowl,0.0,2.0,2.0,10.0,2.0,-11.186898,-6.9833183
84,Vireo plumbeus,5.5,16.4,683,mtsùu,mtsùu,Vireos,0.0,8.0,8.0,4.0,1.0,3.2186391,0.53242505
85,Amazilia viridifrons,4.25,6.3,513,dzǐn̲g,dzǐn̲g,Hummingbirds,0.0,14.0,10.0,14.0,6.0,10.241198,1.4652387
86,Catharus occidentalis,6.5,26.2,1273,mguîn̲-guìib-tsár,mguîn̲-guìib-tsár,Thrushes,0.0,4.0,4.0,5.0,2.0,0.13550515,-1.3492173
87,Pipilo ocai,8.2,60.95,1116,chùubây,chùubây,New World Sparrows,0.0,1.0,1.0,10.0,1.0,-2.8434796,-2.7467694
88,Patagioenas fasciata,14.5,366.3,927,pàlôm,pàlôm-dán,Pigeons and Doves,0.0,2.0,1.0,7.0,1.0,-6.292181,-5.503007
89,Ortalis poliocephala,25.0,760.0,2653,chìchàlác,chìchàlác,"Chachalacas, Guans, and Curassows",0.0,1.0,1.0,1.0,1.0,-10.5614395,-4.880565
90,Ptiliogonys cinereus,7.5,33.6,5476,péedrùuch,péedrùuch,Silky-flycatchers,0.0,1.0,1.0,1.0,,,
91,Thryomanes bewickii,5.25,9.9,5465,nguzhǐn,nguzhǐn,Wrens,1.0,6.0,1.0,6.0,1.0,6.2493887,0.7129973
92,Contopus pertinax,8.0,27.2,3019,pédrǐt,pédrǐt,"Tyrant Flycatchers: Pewees, Kingbirds, and Allies",0.0,1.0,1.0,12.0,2.0,-1.7375711,-0.6846715
93,Tyrannus crassirostris,9.5,55.89,2132,cùchguêr,cùchguêr,"Tyrant Flycatchers: Pewees, Kingbirds, and Allies",0.0,4.0,3.0,12.0,0.0,-4.361614,-1.875263
94,Cardellina rubrifrons,5.0,8.1,577,wǐt,wǐt,Wood-Warblers,0.0,12.0,11.0,15.0,2.0,5.550245,2.5427964
95,Catharus aurantiirostris,5.5,29.8,1237,mguîn̲-guìib-tsár,mguîn̲-guìib-tsár,Thrushes,0.0,4.0,4.0,5.0,2.0,0.12792028,-1.3579872
96,Oporornis tolmiei,5.1,10.4,0,wǐt,wǐt,Wood-Warblers,0.0,12.0,11.0,15.0,0.0,5.781578,1.1650637
97,Trogon elegans,11.75,70.89,284,chòo-dzê,chòo-dzê,Trogons and Quetzals,0.0,1.0,1.0,2.0,2.0,-4.7836432,-1.4759468
98,Setophaga townsendi,4.75,8.84,3787,yěets,yěets-pînt,Wood-Warblers,0.0,3.0,1.0,15.0,,,
99,Mareca americana,19.85,754.61,271,bǎd,bǎd-guìx,Waterfowl,0.0,7.0,5.0,10.0,,,
100,Mimus polyglottos,10.0,48.5,1678,mquièts,mquièts,"Catbirds, Mockingbirds, and Thrashers",0.0,2.0,2.0,3.0,2.0,-2.4956167,-2.99647
101,Arremon brunneinucha,7.3,43.97,1157,mguîn̲-wchǔup,mguîn̲-wchǔup,New World Sparrows,0.0,1.0,1.0,10.0,2.0,-2.2623165,-2.2612536
102,Amazona finschi,13.0,302.0,311,lòr,lòr,"Parrots, Parakeets, and Allies",0.0,1.0,1.0,3.0,1.0,-8.316372,-6.028013
103,Lepidocolaptes leucogaster,9.0,36.0,380,ârbìtrò,ârbìtrò,Woodcreepers,0.0,1.0,1.0,1.0,0.0,-2.2736018,-3.720441
104,Anser cygnoides,34.5,3511.94,0,gâns,gâns,Waterfowl,0.0,2.0,2.0,10.0,2.0,-11.277557,-7.13736
105,Centurus hypopolius,7.85,52.4,0,càrpìntêr,càrpìntêr-psì,Woodpeckers,0.0,7.0,1.0,8.0,,,
106,Zenaida asiatica,11.5,153.0,11054,còolíchè,còolíchè,Pigeons and Doves,0.0,1.0,1.0,7.0,1.0,-4.7894387,-5.1215777
107,Anas crecca,14.0,341.89,370,bǎd,bǎd-guìx,Waterfowl,0.0,7.0,5.0,10.0,1.0,-7.9748383,-5.949226
108,Oreothlypis superciliosa,4.25,9.0,2207,nguzhǐn,nguzhǐn-gùts,Wood-Warblers,0.0,6.0,1.0,15.0,,,
109,Aimophila mystacalis,6.25,22.2,0,mtsùu,mtsùu,New World Sparrows,0.0,8.0,8.0,10.0,2.0,1.2564756,-0.5379914
110,Archilochus colubris,3.375,3.09,3333,dzǐn̲g,dzǐn̲g,Hummingbirds,0.0,14.0,10.0,14.0,4.0,10.444556,2.4901931
111,Ara militaris,29.5,1134.0,85,měw,měw,"Parrots, Parakeets, and Allies",0.0,1.0,1.0,3.0,1.0,-12.1264515,-5.8762302
112,Colaptes auratus,13.375,131.46,930,mguîn̲-pliêgw,mguîn̲-pliêgw,Woodpeckers,0.0,1.0,1.0,8.0,1.0,-6.7994547,-4.199938
113,Asio stygius,16.55,565.0,10,dǎm̲,dǎm̲-yêt,Owls,0.0,3.0,2.0,6.0,2.0,-9.875189,-5.366404
114,Amazilia beryllina,4.0,4.5,6678,dzǐn̲g,dzǐn̲g,Hummingbirds,0.0,14.0,10.0,14.0,3.0,10.010318,1.7958325
115,Colibri thalassinus,4.0,5.9,973,dzǐn̲g,dzǐn̲g-yǎ-guì,Hummingbirds,0.0,14.0,2.0,14.0,5.0,10.040886,1.578547
116,Toxostoma curvirostre,10.5,80.54,5046,mquièts,mquièts,"Catbirds, Mockingbirds, and Thrashers",0.0,2.0,2.0,3.0,1.0,-4.743891,-3.1130216
117,Hirundo rustica,7.125,17.91,1206,xlútsǐ,xlútsǐ-nquǐts,Martins and Swallows,0.0,7.0,4.0,4.0,2.0,2.9550416,3.0774887
118,Leptotila verreauxi,11.0,146.88,3268,guiès-ró-yù,guiès-ró-yù,Pigeons and Doves,0.0,1.0,1.0,7.0,2.0,-4.385188,-5.2744374
119,Atthis heloisa,2.75,2.2,800,dzǐn̲g,dzǐn̲g-gué,Hummingbirds,0.0,14.0,1.0,14.0,2.0,10.304765,2.9391868
120,Campephilus guatemalensis,13.5,242.0,882,càrpìntêr,càrpìntêr-mâch,Woodpeckers,0.0,7.0,2.0,8.0,0.0,-8.041491,-5.1598635
121,Falco sparverius,10.5,114.61,2435,líd,líd,Falcons and Caracaras,0.0,1.0,1.0,3.0,0.0,-5.3828845,-3.816364
122,Mitrephanes phaeocercus,5.0,8.59,1776,wǐt,wǐt-dán,"Tyrant Flycatchers: Pewees, Kingbirds, and Allies",0.0,12.0,1.0,12.0,0.0,4.692568,3.0507252
123,Spinus notatus,4.25,10.9,664,yěets,yěets-dán,"Finches, Euphonias, and Allies",0.0,3.0,1.0,3.0,,,
124,Oxyura jamaicensis,15.0,608.15,690,bǎd,bǎd-guìx,Waterfowl,0.0,7.0,5.0,10.0,1.0,-8.801239,-6.438151
125,Hirundo pyrrhonota,5.1,21.6,0,xlútsǐ,xlútsǐ-nquǐts,Martins and Swallows,0.0,7.0,4.0,4.0,,,
126,Dryocopus lineatus,13.3,183.19,1103,càrpìntêr,càrpìntêr-mâch,Woodpeckers,0.0,7.0,2.0,8.0,1.0,-7.4644275,-4.780097
127,Circus cyaneus,17.75,392.98,0,msì,msì-lâg,"Vultures, Hawks, and Allies",0.0,7.0,3.0,8.0,3.0,-9.84715,-4.7889595
128,Empidonax occidentalis,5.75,11.6,967,wǐt,wǐt,"Tyrant Flycatchers: Pewees, Kingbirds, and Allies",0.0,12.0,11.0,12.0,1.0,3.8070185,1.7268738
129,Melospiza lincolnii,5.625,16.6,1733,mtsùu,mtsùu,New World Sparrows,0.0,8.0,8.0,10.0,1.0,3.3167522,0.44643363
130,Calothorax pulcher,3.25,2.7,609,dzǐn̲g,dzǐn̲g,Hummingbirds,0.0,14.0,10.0,14.0,3.0,10.238788,2.6727357
131,Caprimulgus arizonae,9.4,53.3,0,pùrpùrwít,pùrpùrwít,Nightjars,0.0,1.0,1.0,1.0,,,
132,Anas platyrhynchos,23.0,843.42,0,bǎd,bǎd,Waterfowl,0.0,7.0,2.0,10.0,1.0,-9.645033,-6.595926
133,Cyrtonyx montezumae,8.5,185.38,18,mtǒ,mtǒ,"Grouse, Quail, and Allies",0.0,1.0,1.0,4.0,0.0,-4.328407,-4.3135695
134,Bombycilla cedrorum,7.0,31.58,533,mguîn̲-bæ̀d,mguîn̲-bæ̀d,Waxwings,0.0,1.0,1.0,1.0,0.0,1.3732421,-1.6432704
135,Trogon mexicanus,12.5,71.0,1561,mèr-dán,mèr-dán,Trogons and Quetzals,0.0,1.0,1.0,2.0,2.0,-4.8710613,-1.4282534
136,Spizella passerina,5.5,12.2,1834,mtsùu,mtsùu,New World Sparrows,0.0,8.0,8.0,10.0,1.0,4.1808,1.2888461
137,Polioptila caerulea,4.25,5.8,6898,dìx,dìx,Gnatcatchers,0.0,1.0,1.0,1.0,0.0,6.986247,2.0910733
138,Haemorhous mexicanus,6.0,21.4,7991,mguěy,mguěy,"Finches, Euphonias, and Allies",1.0,4.0,2.0,3.0,,,
139,Melanotis caerulescens,10.0,61.57,4343,mæ̀cw-guiùu,mæ̀cw-guiùu,"Catbirds, Mockingbirds, and Thrashers",0.0,1.0,1.0,3.0,1.0,-3.355087,-3.2669482
140,Myiarchus tuberculifer,6.75,17.7,2575,mguîn̲-rchǔup,mguîn̲-rchǔup,"Tyrant Flycatchers: Pewees, Kingbirds, and Allies",0.0,2.0,2.0,12.0,2.0,-0.1925372,0.18323433
141,Campylorhynchus jocosus,6.5,27.6,1969,mguîn̲-quiè,mguîn̲-quiè,Wrens,0.0,1.0,1.0,6.0,0.0,-0.65658724,-0.91563505
142,Falco peregrinus,18.0,759.95,883,msì,msì-dòo,Falcons and Caracaras,0.0,7.0,1.0,3.0,1.0,-9.885371,-5.6904316
143,Henicorhina leucophrys,4.25,16.19,1592,nguzhǐn,nguzhǐn-guì,Wrens,0.0,6.0,2.0,6.0,0.0,5.9499297,-0.31042236
144,Columba livia,13.5,354.2,2254,pàlôm,pàlôm,Pigeons and Doves,1.0,2.0,1.0,7.0,1.0,-5.803195,-5.556353
145,Sayornis saya,7.5,20.9,302,cùchguêr,xín-cùchguêr,"Tyrant Flycatchers: Pewees, Kingbirds, and Allies",0.0,4.0,1.0,12.0,2.0,0.059807442,-0.11704712
146,Vermivora celata,5.05,9.19,0,wǐt,wǐt,Wood-Warblers,0.0,12.0,11.0,15.0,3.0,5.6716256,1.8065326
147,Aimophila ruficeps,6.0,18.69,638,mtsùu,mtsùu,New World Sparrows,0.0,8.0,8.0,10.0,0.0,2.7829046,0.18083297
148,Basileuterus rufifrons,5.25,10.4,4865,mguîn̲-dǎm̲,mguîn̲-dǎm̲,Wood-Warblers,0.0,1.0,1.0,15.0,3.0,5.1317577,1.781918
149,Molothrus aeneus,7.625,62.61,3489,sànât-bûrr,sànât-bûrr,Blackbirds,0.0,1.0,1.0,3.0,0.0,-3.5330143,-2.7054229
150,Aratinga canicularis,8.9,85.0,0,pèrícw,pèrícw,"Parrots, Parakeets, and Allies",0.0,1.0,1.0,3.0,2.0,-5.1596007,-1.3332152
151,Aphelocoma californica,11.5,85.74,0,cuǐl̲,cuǐl̲,"Jays, Magpies, Crows, and Ravens",0.0,2.0,1.0,3.0,0.0,-5.674308,-3.2610006
152,Trogon citreolus,,79.0,2030,,,,,,,,,,
153,Atlapetes pileatus,,24.0,1300,,,,,,,,,,
154,Diglossa baritula,,9.2,1041,,,,,,,,,,
155,Leiothlypis ruficapilla,,0.0,5300,,,,,,,,,,
156,Sterna forsteri,,149.0,165,,,,,,,,,,
157,Numenius phaeopus,,364.57,448,,,,,,,,,,
158,Icterus gularis,,55.16,2400,,,,,,,,,,
159,Chaetura vauxi,,17.1,691,,,,,,,,,,
160,Eudocimus albus,,889.66,1254,,,,,,,,,,
161,Turdus rufopalliatus,,75.02,4272,,,,,,,,,,
162,Caracara cheriway,,1078.62,4387,,,,,,,,,,
163,Coereba flaveola,,10.01,386,,,,,,,,,,
164,Setophaga coronata,,0.0,7097,,,,,,,,,,
165,Myiarchus sp.,,0.0,557,,,,,,,,,,
166,Leiothlypis virginiae,,0.0,1695,,,,,,,,,,
167,Empidonax hammondii,,10.44,680,,,,,,,,,,
168,Setophaga petechia,,0.0,2629,,,,,,,,,,
169,Rupornis magnirostris,,0.0,1828,,,,,,,,,,
170,Tityra semifasciata,,79.3,1068,,,,,,,,,,
171,Megarynchus pitangua,,69.91,1561,,,,,,,,,,
172,Geothlypis trichas,,9.54,730,,,,,,,,,,
173,Cyanerpes cyaneus,,14.0,1165,,,,,,,,,,
174,Crotophaga sulcirostris,,82.04,3217,,,,,,,,,,
175,Chondestes grammacus,,29.0,1740,,,,,,,,,,
176,Ortalis vetula,,562.6,389,,,,,,,,,,
177,Herpetotheres cachinnans,,623.58,420,,,,,,,,,,
178,Melozone fusca,,0.0,25,,,,,,,,,,
179,Melanerpes hypopolius,,52.4,2366,,,,,,,,,,
180,Morococcyx erythropygus,,64.53,1029,,,,,,,,,,
181,Icterus galbula,,32.83,1242,,,,,,,,,,
182,Pitangus sulphuratus,,62.85,10326,,,,,,,,,,
183,Chlorospingus flavopectus,,0.0,1392,,,,,,,,,,
184,Calidris minutilla,,22.88,1308,,,,,,,,,,
185,Recurvirostra americana,,304.48,313,,,,,,,,,,
186,Saltator atriceps,,83.79,1149,,,,,,,,,,
187,Cyanolyca nanus,,0.0,707,,,,,,,,,,
188,Anthus rubescens,,20.68,454,,,,,,,,,,
189,Tachybaptus dominicus,,132.59,2240,,,,,,,,,,
190,Peucedramus taeniatus,,11.0,1372,,,,,,,,,,
191,Saltator coerulescens,,54.9,676,,,,,,,,,,
192,Amazona albifrons,,206.0,1519,,,,,,,,,,
193,Tringa flavipes,,77.5,459,,,,,,,,,,
194,Cochlearius cochlearius,,643.21,415,,,,,,,,,,
195,Cassiculus melanicterus,,0.0,2462,,,,,,,,,,
196,Fulica americana,,636.74,1992,,,,,,,,,,
197,Setophaga occidentalis,,0.0,1727,,,,,,,,,,
198,Piranga ludoviciana,,28.1,6139,,,,,,,,,,
199,Ammodramus savannarum,,17.61,325,,,,,,,,,,
200,Actitis macularius,,40.4,2628,,,,,,,,,,
201,Pachyramphus aglaiae,,29.69,1748,,,,,,,,,,
202,Egretta caerulea,,338.61,1604,,,,,,,,,,
203,Spizella pallida,,11.2,608,,,,,,,,,,
204,Tiaris olivaceus,,8.5,484,,,,,,,,,,
205,Pyrocephalus rubinus,,14.4,8761,,,,,,,,,,
206,Leiothlypis celata,,0.0,3241,,,,,,,,,,
207,Sula leucogaster,,1288.82,517,,,,,,,,,,
208,Turdus assimilis,,70.2,1176,,,,,,,,,,
209,Megaceryle alcyon,,148.0,860,,,,,,,,,,
210,Leucophaeus atricilla,,0.0,1493,,,,,,,,,,
211,Thalasseus maximus,,0.0,1104,,,,,,,,,,
212,Regulus calendula,,6.19,1890,,,,,,,,,,
213,Phaethornis longirostris,,6.0,166,,,,,,,,,,
214,Icterus cucullatus,,24.3,842,,,,,,,,,,
215,Vireo nelsoni,,9.4,582,,,,,,,,,,
216,Vireo brevipennis,,11.8,949,,,,,,,,,,
217,Empidonax minimus,,10.0,1838,,,,,,,,,,
218,Thryophilus pleurostictus,,0.0,1725,,,,,,,,,,
219,Chordeiles acutipennis,,48.42,570,,,,,,,,,,
220,Icterus mesomelas,,39.9,107,,,,,,,,,,
221,Eupsittula nana,,0.0,703,,,,,,,,,,
222,Chondrohierax uncinatus,,286.07,219,,,,,,,,,,
223,Glaucidium brasilianum,,75.1,1900,,,,,,,,,,
224,Aphelocoma woodhouseii,,0.0,1840,,,,,,,,,,
225,Campylorhynchus rufinucha,,31.0,2601,,,,,,,,,,
226,Passerina cyanea,,14.69,1547,,,,,,,,,,
227,Vireolanius melitophrys,,34.7,813,,,,,,,,,,
228,Melanerpes chrysogenys,,67.72,2070,,,,,,,,,,
229,Passerina leclancherii,,14.0,2207,,,,,,,,,,
230,Tringa melanoleuca,,161.74,634,,,,,,,,,,
231,Icterus spurius,,19.44,2405,,,,,,,,,,
232,Passerina ciris,,15.54,932,,,,,,,,,,
233,Butorides virescens,,201.5,1672,,,,,,,,,,
234,Dendrocolaptes sanctithomae,,66.9,57,,,,,,,,,,
235,Myiarchus tyrannulus,,35.45,1371,,,,,,,,,,
236,Calocitta formosa,,210.0,3702,,,,,,,,,,
237,Columbina talpacoti,,46.04,1205,,,,,,,,,,
238,Campylorhynchus megalopterus,,33.1,1445,,,,,,,,,,
239,Passerina caerulea,,27.39,3474,,,,,,,,,,
240,Peucaea mystacalis,,0.0,2186,,,,,,,,,,
241,Tyrannus melancholicus,,37.4,6598,,,,,,,,,,
242,Phalacrocorax brasilianus,,1239.29,2731,,,,,,,,,,
243,Buteogallus anthracinus,,975.09,649,,,,,,,,,,
244,Egretta rufescens,,614.0,984,,,,,,,,,,
245,Setophaga nigrescens,,0.0,1454,,,,,,,,,,
246,Certhia americana,,8.1,1123,,,,,,,,,,
247,Thalasseus sandvicensis,,0.0,322,,,,,,,,,,
248,Empidonax sp.,,0.0,1142,,,,,,,,,,
249,Loxia curvirostra,,38.29,587,,,,,,,,,,
250,Podilymbus podiceps,,411.93,539,,,,,,,,,,
251,Basileuterus belli,,10.7,1612,,,,,,,,,,
252,Myiozetetes similis,,28.0,6005,,,,,,,,,,
253,Calidris canutus,,141.87,100,,,,,,,,,,
254,Calidris mauri,,27.82,372,,,,,,,,,,
255,Spatula clypeata,,0.0,725,,,,,,,,,,
256,Arremonops rufivirgatus,,22.43,872,,,,,,,,,,
257,Spinus psaltria,,0.0,7126,,,,,,,,,,
258,Toxostoma ocellatum,,84.29,843,,,,,,,,,,
259,Aimophila notosticta,,27.1,965,,,,,,,,,,
260,Chloroceryle aenea,,13.75,16,,,,,,,,,,
261,Dryobates scalaris,,0.0,2324,,,,,,,,,,
262,Catharus sp.,,0.0,62,,,,,,,,,,
263,Polioptila albiloris,,6.26,2164,,,,,,,,,,
264,Melanerpes aurifrons,,80.77,2712,,,,,,,,,,
265,Tringa semipalmata,,0.0,671,,,,,,,,,,
266,Icteria virens,,24.89,602,,,,,,,,,,
267,Tyrannus forficatus,,39.3,1258,,,,,,,,,,
268,Icterus pustulatus,,36.78,3009,,,,,,,,,,
269,Streptoprocne zonaris,,86.79,1011,,,,,,,,,,
270,Pelecanus occidentalis,,3427.84,1740,,,,,,,,,,
271,Progne chalybea,,42.9,1799,,,,,,,,,,
272,Fregata magnificens,,1490.52,2443,,,,,,,,,,
273,Heliomaster constantii,,7.3,597,,,,,,,,,,
274,Eupsittula canicularis,,0.0,2475,,,,,,,,,,
275,Piranga flava,,37.7,1578,,,,,,,,,,
276,Contopus sordidulus,,13.1,1422,,,,,,,,,,
277,Volatinia jacarina,,9.94,971,,,,,,,,,,
278,Anabacerthia variegaticeps,,27.8,194,,,,,,,,,,
279,Cyanolyca mirabilis,,52.4,97,,,,,,,,,,
280,Lanius ludovicianus,,51.59,960,,,,,,,,,,
281,Sturnella magna,,91.76,680,,,,,,,,,,
282,Egretta tricolor,,372.3,1366,,,,,,,,,,
283,Nyctanassa violacea,,681.67,489,,,,,,,,,,
284,Ardea herodias,,2523.41,1774,,,,,,,,,,
285,Icterus parisorum,,36.48,506,,,,,,,,,,
286,Passeriformes sp.,,0.0,106,,,,,,,,,,
287,Megascops cooperi,,149.94,196,,,,,,,,,,
288,Turdus grayi,,79.5,4195,,,,,,,,,,
289,Piaya cayana,,101.98,1476,,,,,,,,,,
290,Passerellidae sp. (sparrow sp.),,0.0,84,,,,,,,,,,
291,Euphonia elegantissima,,15.0,1522,,,,,,,,,,
292,Synallaxis erythrothorax,,17.1,269,,,,,,,,,,
293,Pachysylvia decurtata,,0.0,348,,,,,,,,,,
294,Setophaga ruticilla,,8.24,1137,,,,,,,,,,
295,Phaethornis striigularis,,3.0,359,,,,,,,,,,
296,Eupherusa eximia,,4.3,119,,,,,,,,,,
297,Contopus cooperi,,32.1,238,,,,,,,,,,
298,Geothlypis tolmiei,,0.0,2101,,,,,,,,,,
299,Myiobius sulphureipygius,,11.64,49,,,,,,,,,,
300,Cyanocompsa parellina,,15.64,980,,,,,,,,,,
301,Icterus abeillei,,33.0,106,,,,,,,,,,
302,Momotus mexicanus,,75.7,1674,,,,,,,,,,
303,Cynanthus latirostris,,3.1,1899,,,,,,,,,,
304,Myiarchus cinerascens,,28.2,1675,,,,,,,,,,
305,Pluvialis squatarola,,250.0,398,,,,,,,,,,
306,Empidonax fulvifrons,,7.9,63,,,,,,,,,,
307,Cardinalis cardinalis,,42.64,1102,,,,,,,,,,
308,Chloroceryle americana,,33.73,1063,,,,,,,,,,
309,Camptostoma imberbe,,7.4,2010,,,,,,,,,,
310,Myiopagis viridicata,,11.51,1419,,,,,,,,,,
311,Antrostomus arizonae,,0.0,371,,,,,,,,,,
312,Anhinga anhinga,,1235.0,380,,,,,,,,,,
313,Jacana spinosa,,94.0,923,,,,,,,,,,
314,Himantopus mexicanus,,176.82,1431,,,,,,,,,,
315,Egretta thula,,371.0,3158,,,,,,,,,,
316,Apodidae sp.,,0.0,122,,,,,,,,,,
317,Icterus graduacauda,,42.2,1108,,,,,,,,,,
318,Tigrisoma mexicanum,,1154.38,171,,,,,,,,,,
319,Vireo hypochryseus,,12.2,2448,,,,,,,,,,
320,Hylocichla mustelina,,50.09,228,,,,,,,,,,
321,Setophaga citrina,,0.0,481,,,,,,,,,,
322,Empidonax flaviventris,,11.8,397,,,,,,,,,,
323,Vermivora cyanoptera,,0.0,122,,,,,,,,,,
324,Vireo griseus,,11.4,386,,,,,,,,,,
325,Dives dives,,91.32,1831,,,,,,,,,,
326,Ardea alba,,0.0,3801,,,,,,,,,,
327,Momotus lessonii,,0.0,460,,,,,,,,,,
328,Falco rufigularis,,163.64,214,,,,,,,,,,
329,Pseudastur albicollis,,0.0,169,,,,,,,,,,
330,Formicarius analis,,62.19,146,,,,,,,,,,
331,Tachycineta albilinea,,16.7,890,,,,,,,,,,
332,Ramphocelus sanguinolentus,,41.0,450,,,,,,,,,,
333,Panyptila cayennensis,,21.1,33,,,,,,,,,,
334,Pachyramphus major,,24.8,179,,,,,,,,,,
335,Sterna hirundo,,129.15,129,,,,,,,,,,
336,Amazilia rutila,,5.24,1506,,,,,,,,,,
337,Icterus sp.,,0.0,299,,,,,,,,,,
338,Icterus bullockii,,37.9,2841,,,,,,,,,,
339,Xenotriccus mexicanus,,13.8,845,,,,,,,,,,
340,Streptoprocne rutila,,20.2,337,,,,,,,,,,
341,Pandion haliaetus,,1483.2,1290,,,,,,,,,,
342,Psarocolius montezuma,,309.87,818,,,,,,,,,,
343,Leucophaeus pipixcan,,0.0,336,,,,,,,,,,
344,Setophaga pitiayumi,,0.0,276,,,,,,,,,,
345,Empidonax wrightii,,12.3,265,,,,,,,,,,
346,Pionus senilis,,212.0,280,,,,,,,,,,
347,Hylocharis eliciae,,3.6,10,,,,,,,,,,
348,Pheucticus ludovicianus,,42.0,1132,,,,,,,,,,
349,Gallinula galeata,,0.0,503,,,,,,,,,,
350,Nyctidromus albicollis,,57.84,435,,,,,,,,,,
351,Charadrius vociferus,,96.44,996,,,,,,,,,,
352,Dendrocincla anabatina,,34.21,68,,,,,,,,,,
353,Sporophila morelleti/torqueola,,0.0,95,,,,,,,,,,
354,Sporophila morelleti,,0.0,894,,,,,,,,,,
355,Vireo flavoviridis,,17.59,596,,,,,,,,,,
356,Xiphorhynchus flavigaster,,46.19,1285,,,,,,,,,,
357,Selasphorus platycercus,,3.54,222,,,,,,,,,,
358,Tinamus major,,1026.21,48,,,,,,,,,,
359,Setophaga graciae,,0.0,226,,,,,,,,,,
360,Sialia sialis,,27.5,203,,,,,,,,,,
361,Colinus virginianus,,171.89,313,,,,,,,,,,
362,Cyanoloxia cyanoides,,0.0,158,,,,,,,,,,
363,Tringa incana,,0.0,20,,,,,,,,,,
364,Turdus infuscatus,,72.4,409,,,,,,,,,,
365,Thraupis episcopus,,35.0,855,,,,,,,,,,
366,Euphonia gouldi,,14.0,121,,,,,,,,,,
367,Psilorhinus morio,,0.0,1284,,,,,,,,,,
368,Icterus pectoralis,,46.5,700,,,,,,,,,,
369,Sporophila torqueola,,8.7,2994,,,,,,,,,,
370,Aulacorhynchus prasinus,,170.56,913,,,,,,,,,,
371,Phaethon aethereus,,749.99,126,,,,,,,,,,
372,Limnodromus scolopaceus,,104.4,83,,,,,,,,,,
373,Xiphorhynchus erythropygius,,46.8,131,,,,,,,,,,
374,Psittacara holochlorus,,0.0,195,,,,,,,,,,
375,Peucaea ruficauda,,0.0,933,,,,,,,,,,
376,Elaenia flavogaster,,24.8,218,,,,,,,,,,
377,Peucaea sumichrasti,,0.0,659,,,,,,,,,,
378,Geothlypis poliocephala,,14.6,275,,,,,,,,,,
379,Chlorostilbon canivetii,,2.61,239,,,,,,,,,,
380,Trochilidae sp.,,0.0,955,,,,,,,,,,
381,Euphagus cyanocephalus,,62.48,22,,,,,,,,,,
382,Chordeiles sp.,,0.0,15,,,,,,,,,,
383,Caryothraustes poliogaster,,41.8,227,,,,,,,,,,
384,Saltator maximus,,47.62,321,,,,,,,,,,
385,Henicorhina leucosticta,,14.18,466,,,,,,,,,,
386,Trogon massena,,141.0,79,,,,,,,,,,
387,Catharus ustulatus,,30.3,522,,,,,,,,,,
388,Spizella atrogularis,,11.3,12,,,,,,,,,,
389,Vireo cassinii/plumbeus,,0.0,42,,,,,,,,,,
390,Amazilia violiceps,,5.1,241,,,,,,,,,,
391,Glaucidium palmarum,,45.7,520,,,,,,,,,,
392,Mycteria americana,,2554.47,834,,,,,,,,,,
393,Zentrygon albifacies,,0.0,289,,,,,,,,,,
394,Piranga bidentata,,36.07,428,,,,,,,,,,
395,Sula nebouxii,,1520.09,129,,,,,,,,,,
396,Deltarhynchus flammulatus,,17.2,261,,,,,,,,,,
397,Trogon collaris,,65.43,555,,,,,,,,,,
398,Riparia riparia,,12.68,122,,,,,,,,,,
399,Onychorhynchus coronatus,,14.0,36,,,,,,,,,,
400,Parkesia noveboracensis,,0.0,477,,,,,,,,,,
401,Cardellina rubra,,0.0,2492,,,,,,,,,,
402,Euphonia hirundinacea,,14.0,575,,,,,,,,,,
403,Sporophila funerea,,0.0,94,,,,,,,,,,
404,Tyrannus melancholicus/couchii,,0.0,160,,,,,,,,,,
405,Patagioenas flavirostris,,270.81,973,,,,,,,,,,
406,Piranga sp.,,0.0,31,,,,,,,,,,
407,Nycticorax nycticorax,,810.0,428,,,,,,,,,,
408,Aimophila rufescens,,34.3,611,,,,,,,,,,
409,Microrhopias quixensis,,7.9,6,,,,,,,,,,
410,Ramphocelus passerinii,,32.0,35,,,,,,,,,,
411,Geothlypis nelsoni,,11.0,148,,,,,,,,,,
412,Colaptes rubiginosus,,55.79,309,,,,,,,,,,
413,Catharus guttatus,,30.1,1144,,,,,,,,,,
414,Hydroprogne caspia,,0.0,461,,,,,,,,,,
415,Calidris alba,,51.71,269,,,,,,,,,,
416,Rhynchocyclus brevirostris,,24.3,129,,,,,,,,,,
417,Setophaga virens,,0.0,1239,,,,,,,,,,
418,Hirundinidae sp.,,0.0,316,,,,,,,,,,
419,Megaceryle torquata,,317.0,618,,,,,,,,,,
420,Chiroxiphia linearis,,17.44,41,,,,,,,,,,
421,Tolmomyias sulphurescens,,14.3,361,,,,,,,,,,
422,Ramphastos sulfuratus,,409.69,791,,,,,,,,,,
423,Rhytipterna holerythra,,36.8,14,,,,,,,,,,
424,Geranoaetus albicaudatus,,0.0,817,,,,,,,,,,
425,Lanio aurantius,,35.0,54,,,,,,,,,,
426,Tringa solitaria,,48.4,220,,,,,,,,,,
427,Peucaea botterii,,0.0,225,,,,,,,,,,
428,Granatellus venustus,,10.8,512,,,,,,,,,,
429,Dumetella carolinensis,,35.3,394,,,,,,,,,,
430,Chloroceryle amazona,,126.38,320,,,,,,,,,,
431,Thalasseus elegans,,0.0,370,,,,,,,,,,
432,Catharus mexicanus,,33.0,158,,,,,,,,,,
433,Oceanodroma microsoma,,0.0,101,,,,,,,,,,
434,Vireo cassinii/solitarius,,0.0,31,,,,,,,,,,
435,Ardenna creatopus,,0.0,128,,,,,,,,,,
436,Plegadis chihi,,616.89,329,,,,,,,,,,
437,Limosa fedoa,,357.02,288,,,,,,,,,,
438,Pheugopedius felix,,0.0,1125,,,,,,,,,,
439,Vireo solitarius,,15.3,1118,,,,,,,,,,
440,Attila spadiceus,,39.1,354,,,,,,,,,,
441,Amazona autumnalis,,416.0,557,,,,,,,,,,
442,Vireo flavifrons,,18.0,153,,,,,,,,,,
443,Passerina rositae,,20.0,535,,,,,,,,,,
444,Spizaetus tyrannus,,1007.11,119,,,,,,,,,,
445,Charadrius semipalmatus,,46.74,470,,,,,,,,,,
446,Ardenna pacifica,,0.0,264,,,,,,,,,,
447,Falco columbarius,,188.5,176,,,,,,,,,,
448,Circus hudsonius,,0.0,548,,,,,,,,,,
449,Tyrannus couchii,,39.0,261,,,,,,,,,,
450,Trogon melanocephalus,,85.1,215,,,,,,,,,,
451,Passerina amoena,,15.49,99,,,,,,,,,,
452,Cyanocorax yncas,,78.5,625,,,,,,,,,,
453,Sitta pygmaea,,10.6,3,,,,,,,,,,
454,Columbidae sp.,,0.0,42,,,,,,,,,,
455,Calothorax lucifer,,3.3,7,,,,,,,,,,
456,Amazilia tzacatl,,4.79,609,,,,,,,,,,
457,Micrastur semitorquatus,,621.68,406,,,,,,,,,,
458,Cercomacroides tyrannina,,0.0,50,,,,,,,,,,
459,Setophaga magnolia,,0.0,821,,,,,,,,,,
460,Passerina versicolor,,12.89,399,,,,,,,,,,
461,Lepidocolaptes affinis,,34.99,980,,,,,,,,,,
462,Dactylortyx thoracicus,,201.75,3,,,,,,,,,,
463,Psittaciformes sp. (parrot sp.),,0.0,62,,,,,,,,,,
464,Amblycercus holosericeus,,70.42,266,,,,,,,,,,
465,Todirostrum cinereum,,6.29,37,,,,,,,,,,
466,Myiarchus crinitus,,32.1,110,,,,,,,,,,
467,Pelecanus erythrorhynchos,,5608.48,846,,,,,,,,,,
468,Buteo plagiatus,,0.0,2082,,,,,,,,,,
469,Vireo atricapilla,,8.99,33,,,,,,,,,,
470,Arremon aurantiirostris,,34.5,94,,,,,,,,,,
471,Amazilia candida,,3.8,522,,,,,,,,,,
472,Habia fuscicauda,,36.84,462,,,,,,,,,,
473,Alcedinidae sp.,,0.0,11,,,,,,,,,,
474,Vireo bellii,,8.5,807,,,,,,,,,,
475,Aphelocoma unicolor,,124.0,540,,,,,,,,,,
476,Thraupis abbas,,45.0,1168,,,,,,,,,,
477,Calidris himantopus,,57.24,117,,,,,,,,,,
478,Buteo swainsoni,,946.61,324,,,,,,,,,,
479,Parabuteo unicinctus,,850.28,49,,,,,,,,,,
480,Parkesia motacilla,,0.0,567,,,,,,,,,,
481,Campylopterus curvipennis,,6.0,146,,,,,,,,,,
482,Trogon caligatus,,46.5,497,,,,,,,,,,
483,Myiodynastes luteiventris,,46.9,693,,,,,,,,,,
484,Gallinago delicata,,0.0,128,,,,,,,,,,
485,Petrochelidon pyrrhonota,,21.6,496,,,,,,,,,,
486,Podiceps nigricollis,,412.44,113,,,,,,,,,,
487,Puffinus subalaris,,0.0,181,,,,,,,,,,
488,Oncostoma cinereigulare,,6.4,220,,,,,,,,,,
489,Empidonax traillii,,13.39,275,,,,,,,,,,
490,Crax rubra,,4133.0,20,,,,,,,,,,
491,Cardellina canadensis,,0.0,67,,,,,,,,,,
492,Mimus gilvus,,51.99,611,,,,,,,,,,
493,Trogon sp.,,0.0,43,,,,,,,,,,
494,Empidonax difficilis,,10.7,325,,,,,,,,,,
495,Piranga erythrocephala,,21.8,557,,,,,,,,,,
496,Chordeiles minor,,79.3,37,,,,,,,,,,
497,Eupherusa cyanophrys,,4.8,595,,,,,,,,,,
498,Elanus leucurus,,346.0,1144,,,,,,,,,,
499,Arenaria interpres,,135.98,296,,,,,,,,,,
500,Strigiformes sp.,,0.0,9,,,,,,,,,,
501,Campylorhynchus zonatus,,34.6,702,,,,,,,,,,
502,Setophaga pensylvanica,,0.0,100,,,,,,,,,,
503,Peucaea humeralis,,0.0,8,,,,,,,,,,
504,Panyptila sanctihieronymi,,48.1,43,,,,,,,,,,
505,Sternula antillarum,,0.0,198,,,,,,,,,,
506,Pteroglossus torquatus,,219.07,294,,,,,,,,,,
507,Pyrilia haematotis,,149.0,129,,,,,,,,,,
508,Crypturellus cinnamomeus,,422.0,142,,,,,,,,,,
509,Thamnophilus doliatus,,27.03,332,,,,,,,,,,
510,Dendrocincla homochroa,,39.43,28,,,,,,,,,,
511,Coccyzus minor,,63.89,107,,,,,,,,,,
512,Coccothraustes vespertinus,,57.3,18,,,,,,,,,,
513,Progne sp.,,0.0,18,,,,,,,,,,
514,Molothrus oryzivorus,,181.85,27,,,,,,,,,,
515,Pheugopedius maculipectus,,0.0,924,,,,,,,,,,
516,Euphonia affinis,,10.0,1154,,,,,,,,,,
517,Laterallus ruber,,44.4,53,,,,,,,,,,
518,Sayornis phoebe,,19.7,62,,,,,,,,,,
519,Claravis pretiosa,,68.2,220,,,,,,,,,,
520,Basileuterus lachrymosus,,0.0,342,,,,,,,,,,
521,Columbina minuta,,32.59,38,,,,,,,,,,
522,Molothrus ater,,40.26,485,,,,,,,,,,
523,Porzana carolina,,74.8,180,,,,,,,,,,
524,Anthracothorax prevostii,,6.4,146,,,,,,,,,,
525,Sitta carolinensis,,21.0,275,,,,,,,,,,
526,Polioptila plumbea,,6.0,50,,,,,,,,,,
527,Spiza americana,,26.18,333,,,,,,,,,,
528,Setophaga americana,,0.0,453,,,,,,,,,,
529,Passerculus sandwichensis,,19.97,178,,,,,,,,,,
530,Basileuterus culicivorus,,10.5,784,,,,,,,,,,
531,Psittaciformes sp. (parakeet sp.),,0.0,32,,,,,,,,,,
532,Sporophila minuta,,7.8,198,,,,,,,,,,
533,Sterninae sp.,,0.0,130,,,,,,,,,,
534,Chlorostilbon auriceps,,2.61,282,,,,,,,,,,
535,Oceanodroma melania,,61.5,135,,,,,,,,,,
536,Rynchops niger,,297.73,293,,,,,,,,,,
537,Tyto alba,,403.32,152,,,,,,,,,,
538,Pheucticus chrysopeplus,,77.6,88,,,,,,,,,,
539,Charadrius wilsonia,,55.1,88,,,,,,,,,,
540,Burhinus bistriatus,,787.0,315,,,,,,,,,,
541,Chlidonias niger,,65.3,311,,,,,,,,,,
542,Lepidocolaptes souleyetii,,25.7,192,,,,,,,,,,
543,Amazona oratrix,,476.94,96,,,,,,,,,,
544,Phainopepla nitens,,22.1,9,,,,,,,,,,
545,Vermivora chrysoptera,,8.74,8,,,,,,,,,,
546,Melozone kieneri,,38.7,85,,,,,,,,,,
547,Lampornis viridipallens,,5.33,5,,,,,,,,,,
548,Buteogallus urubitinga,,1152.87,129,,,,,,,,,,
549,Picidae sp.,,0.0,77,,,,,,,,,,
550,Fregata sp.,,0.0,2,,,,,,,,,,
551,Aramus guarauna,,1080.0,263,,,,,,,,,,
552,Phaethornis mexicanus,,0.0,179,,,,,,,,,,
553,Heliomaster longirostris,,6.6,253,,,,,,,,,,
554,Cistothorus palustris,,10.8,33,,,,,,,,,,
555,Patagioenas speciosa,,258.47,22,,,,,,,,,,
556,Agelaius phoeniceus,,50.78,436,,,,,,,,,,
557,Icterus prosthemelas,,27.95,203,,,,,,,,,,
558,Vireo cassinii/solitarius/plumbeus,,0.0,54,,,,,,,,,,
559,Crypturellus soui,,216.16,93,,,,,,,,,,
560,Glaucidium griseiceps,,50.58,62,,,,,,,,,,
561,Hylorchilus sumichrasti,,28.4,197,,,,,,,,,,
562,Pulsatrix perspicillata,,983.55,16,,,,,,,,,,
563,Galbula ruficauda,,26.5,17,,,,,,,,,,
564,Leiothlypis peregrina,,0.0,685,,,,,,,,,,
565,Buteo sp.,,0.0,49,,,,,,,,,,
566,Tunchiornis ochraceiceps,,0.0,26,,,,,,,,,,
567,Contopus cinereus,,11.6,82,,,,,,,,,,
568,Amazilia sp.,,0.0,32,,,,,,,,,,
569,Taraba major,,59.2,19,,,,,,,,,,
570,Regulus satrapa,,6.19,92,,,,,,,,,,
571,Cyclarhis gujanensis,,28.8,210,,,,,,,,,,
572,Ridgwayia pinicola,,0.0,174,,,,,,,,,,
573,Tachycineta bicolor,,21.2,76,,,,,,,,,,
574,Selasphorus sp.,,0.0,29,,,,,,,,,,
575,Ramphocaenus melanurus,,9.7,163,,,,,,,,,,
576,Penelope purpurascens,,2060.0,248,,,,,,,,,,
577,Ortalis sp.,,0.0,9,,,,,,,,,,
578,Glyphorynchus spirurus,,14.6,37,,,,,,,,,,
579,Dryobates fumigatus,,0.0,117,,,,,,,,,,
580,Troglodytidae sp.,,0.0,35,,,,,,,,,,
581,Sittasomus griseicapillus,,13.12,363,,,,,,,,,,
582,Amazona sp.,,0.0,77,,,,,,,,,,
583,Leiothlypis crissalis,,0.0,13,,,,,,,,,,
584,Nyctibius jamaicensis,,266.04,121,,,,,,,,,,
585,Porphyrio martinica,,235.06,120,,,,,,,,,,
586,Platalea ajaja,,1490.0,776,,,,,,,,,,
587,Empidonax difficilis/occidentalis,,0.0,158,,,,,,,,,,
588,Botaurus pinnatus,,812.16,11,,,,,,,,,,
589,Aramides albiventris,,0.0,42,,,,,,,,,,
590,Melanerpes pucherani,,62.4,66,,,,,,,,,,
591,Empidonax alnorum,,12.7,17,,,,,,,,,,
592,Charadrius collaris,,28.3,279,,,,,,,,,,
593,Setophaga tigrina,,0.0,6,,,,,,,,,,
594,Habia rubica,,32.46,432,,,,,,,,,,
595,Helmitheros vermivorum,,14.16,75,,,,,,,,,,
596,Empidonax albigularis,,9.58,118,,,,,,,,,,
597,Geranospiza caerulescens,,302.5,183,,,,,,,,,,
598,Amazilia cyanocephala,,5.1,438,,,,,,,,,,
599,Rostrhamus sociabilis,,366.94,156,,,,,,,,,,
600,Colaptes auricularis,,65.4,202,,,,,,,,,,
601,Xenops minutus,,10.6,80,,,,,,,,,,
602,Phalaropus fulicarius,,55.59,71,,,,,,,,,,
603,Charadrius nivosus,,0.0,185,,,,,,,,,,
604,Gelochelidon nilotica,,0.0,246,,,,,,,,,,
605,Patagioenas nigrirostris,,176.0,158,,,,,,,,,,
606,Larus argentatus,,1090.99,26,,,,,,,,,,
607,Uropsila leucogastra,,9.03,119,,,,,,,,,,
608,Odontophorus guttatus,,303.83,108,,,,,,,,,,
609,Campylopterus hemileucurus,,9.72,152,,,,,,,,,,
610,Xema sabini,,198.0,77,,,,,,,,,,
611,Setophaga dominica,,0.0,173,,,,,,,,,,
612,Automolus ochrolaemus,,40.2,111,,,,,,,,,,
613,Contopus sordidulus/virens,,0.0,84,,,,,,,,,,
614,Tityra inquisitor,,43.1,117,,,,,,,,,,
615,Stercorarius parasiticus,,444.31,35,,,,,,,,,,
616,Ciccaba nigrolineata,,0.0,15,,,,,,,,,,
617,Piranga leucoptera,,16.0,273,,,,,,,,,,
618,Megascops guatemalae,,118.0,75,,,,,,,,,,
619,Tapera naevia,,48.42,13,,,,,,,,,,
620,Oriturus superciliosus,,41.4,3,,,,,,,,,,
621,Buteo platypterus,,453.65,604,,,,,,,,,,
622,Bolborhynchus lineola,,56.2,61,,,,,,,,,,
623,Cotinga amabilis,,71.49,8,,,,,,,,,,
624,Psarocolius wagleri,,155.5,113,,,,,,,,,,
625,Asio clamator,,0.0,18,,,,,,,,,,
626,Vireo pallens,,11.0,74,,,,,,,,,,
627,Turdus sp.,,0.0,76,,,,,,,,,,
628,Micrastur ruficollis,,177.64,129,,,,,,,,,,
629,Coccyzus americanus,,64.0,57,,,,,,,,,,
630,Ictinia mississippiensis,,276.03,59,,,,,,,,,,
631,Tinamidae sp.,,0.0,1,,,,,,,,,,
632,Myadestes unicolor,,37.9,576,,,,,,,,,,
633,Leptotila plumbeiceps,,170.0,101,,,,,,,,,,
634,Atlapetes albinucha,,33.84,199,,,,,,,,,,
635,Contopus sp.,,0.0,100,,,,,,,,,,
636,Chlorophanes spiza,,19.0,33,,,,,,,,,,
637,Saltator sp.,,0.0,6,,,,,,,,,,
638,Ornithion semiflavum,,6.6,94,,,,,,,,,,
639,Phalaropus lobatus,,36.68,143,,,,,,,,,,
640,Antrostomus ridgwayi,,0.0,497,,,,,,,,,,
641,Granatellus sallaei,,9.9,6,,,,,,,,,,
642,Calidris bairdii,,40.97,62,,,,,,,,,,
643,Abeillia abeillei,,2.7,88,,,,,,,,,,
644,Limnodromus griseus,,110.53,214,,,,,,,,,,
645,Calidris virgata,,0.0,33,,,,,,,,,,
646,Cathartes burrovianus,,935.0,9,,,,,,,,,,
647,Sterna hirundo/paradisaea,,0.0,11,,,,,,,,,,
648,Chlorophonia occipitalis,,25.8,178,,,,,,,,,,
649,Cyanolyca cucullata,,101.33,196,,,,,,,,,,
650,Phaethon aethereus/rubricauda,,0.0,1,,,,,,,,,,
651,Poecilotriccus sylvia,,7.1,50,,,,,,,,,,
652,Grallaria guatimalensis,,94.2,17,,,,,,,,,,
653,Aves sp.,,0.0,65,,,,,,,,,,
654,Spizella sp.,,0.0,7,,,,,,,,,,
655,Anatidae sp. (teal sp.),,0.0,14,,,,,,,,,,
656,Spatula cyanoptera,,0.0,175,,,,,,,,,,
657,Amazona farinosa,,625.99,208,,,,,,,,,,
658,Anas acuta,,944.62,235,,,,,,,,,,
659,Dromococcyx phasianellus,,84.5,119,,,,,,,,,,
660,Harpagus bidentatus,,215.25,34,,,,,,,,,,
661,Polioptila sp.,,0.0,31,,,,,,,,,,
662,Stilpnia larvata,,0.0,85,,,,,,,,,,
663,Parulidae sp.,,0.0,88,,,,,,,,,,
664,Leptodon cayanensis,,474.0,28,,,,,,,,,,
665,Pluvialis dominica,,151.47,65,,,,,,,,,,
666,Tyrannus sp. (yellow-bellied),,0.0,133,,,,,,,,,,
667,Ictinia plumbea,,249.9,18,,,,,,,,,,
668,Seiurus aurocapilla,,18.8,278,,,,,,,,,,
669,Geotrygon montana,,133.86,86,,,,,,,,,,
670,Plegadis falcinellus/chihi,,0.0,3,,,,,,,,,,
671,Sporophila corvina,,10.62,117,,,,,,,,,,
672,Amazilia yucatanensis,,3.89,104,,,,,,,,,,
673,Tilmatura dupontii,,2.2,39,,,,,,,,,,
674,Progne subis,,53.79,63,,,,,,,,,,
675,Celeus castaneus,,85.59,33,,,,,,,,,,
676,Glaucidium sp.,,0.0,18,,,,,,,,,,
677,Calidris melanotos,,79.73,89,,,,,,,,,,
678,Coccothraustes abeillei,,48.5,28,,,,,,,,,,
679,Xiphocolaptes promeropirhynchus,,93.04,250,,,,,,,,,,
680,Busarellus nigricollis,,766.14,4,,,,,,,,,,
681,Dendrocygna bicolor,,756.37,82,,,,,,,,,,
682,Vireo sp.,,0.0,75,,,,,,,,,,
683,Vireo philadelphicus,,11.5,33,,,,,,,,,,
684,Setophaga sp.,,0.0,17,,,,,,,,,,
685,Clibanornis rubiginosus,,0.0,161,,,,,,,,,,
686,Setophaga castanea,,0.0,2,,,,,,,,,,
687,Manacus candei,,19.82,50,,,,,,,,,,
688,Scolopacidae sp. (large shorebird sp.),,0.0,17,,,,,,,,,,
689,Coccyzus erythropthalmus,,50.9,11,,,,,,,,,,
690,Podicipedidae sp.,,0.0,8,,,,,,,,,,
691,Geothlypis formosa,,0.0,74,,,,,,,,,,
692,Icterus chrysater,,53.4,11,,,,,,,,,,
693,Cairina moschata (Domestic type),,0.0,176,,,,,,,,,,
694,Numenius americanus,,583.86,67,,,,,,,,,,
695,Accipiter striatus/cooperii,,0.0,21,,,,,,,,,,
696,Penelopina nigra,,889.99,1,,,,,,,,,,
697,Vireo leucophrys,,12.3,107,,,,,,,,,,
698,Geotrygon/Leptotrygon/Zentrygon sp.,,0.0,6,,,,,,,,,,
699,Legatus leucophaius,,22.2,144,,,,,,,,,,
700,Sclerurus mexicanus,,25.1,59,,,,,,,,,,
701,Pharomachrus mocinno,,202.46,1,,,,,,,,,,
702,Phalaropus tricolor,,0.0,137,,,,,,,,,,
703,Dendrocolaptinae sp.,,0.0,27,,,,,,,,,,
704,Botaurus lentiginosus,,706.0,16,,,,,,,,,,
705,Anatinae sp.,,0.0,46,,,,,,,,,,
706,Hylorchilus navai,,29.3,68,,,,,,,,,,
707,Catharus minimus,,31.58,3,,,,,,,,,,
708,Mionectes oleagineus,,11.17,125,,,,,,,,,,
709,Setophaga fusca,,0.0,51,,,,,,,,,,
710,Larinae sp.,,0.0,33,,,,,,,,,,
711,Bartramia longicauda,,158.92,49,,,,,,,,,,
712,Psiloscops flammeolus,,0.0,77,,,,,,,,,,
713,Campylopterus excellens,,6.0,46,,,,,,,,,,
714,Empidonax hammondii/oberholseri,,0.0,34,,,,,,,,,,
715,Tyrannus tyrannus,,39.85,125,,,,,,,,,,
716,Corvus sp. (raven sp.),,0.0,10,,,,,,,,,,
717,Tyrannus savana,,31.9,65,,,,,,,,,,
718,Setophaga townsendi x occidentalis,,0.0,44,,,,,,,,,,
719,Calidris pusilla,,27.5,172,,,,,,,,,,
720,Streptopelia decaocto,,148.96,745,,,,,,,,,,
721,Aegolius acadicus,,100.69,35,,,,,,,,,,
722,Sula dactylatra/granti,,0.0,45,,,,,,,,,,
723,Spizaetus melanoleucus,,850.0,15,,,,,,,,,,
724,Geothlypis sp. (yellowthroat sp.),,0.0,1,,,,,,,,,,
725,Passerina sp.,,0.0,69,,,,,,,,,,
726,Stercorarius pomarinus,,692.47,112,,,,,,,,,,
727,Psittacara strenuus,,0.0,60,,,,,,,,,,
728,Leptopogon amaurocephalus,,11.7,36,,,,,,,,,,
729,Icteridae sp.,,0.0,36,,,,,,,,,,
730,Caprimulgidae sp.,,0.0,7,,,,,,,,,,
731,Furnariidae sp. (foliage-gleaner sp.),,0.0,1,,,,,,,,,,
732,Accipiter sp.,,0.0,50,,,,,,,,,,
733,Tyrannidae sp.,,0.0,23,,,,,,,,,,
734,Geothlypis philadelphia,,0.0,20,,,,,,,,,,
735,Sula sula,,1031.1,56,,,,,,,,,,
736,Euphonia sp.,,0.0,65,,,,,,,,,,
737,Leptotila sp.,,0.0,8,,,,,,,,,,
738,Campephilus sp./Dryocopus lineatus,,0.0,1,,,,,,,,,,
739,Corvidae sp. (jay sp.),,0.0,5,,,,,,,,,,
740,Calidris sp. (peep sp.),,0.0,140,,,,,,,,,,
741,Falco femoralis,,335.76,70,,,,,,,,,,
742,Charadriiformes sp.,,0.0,68,,,,,,,,,,
743,Haematopus palliatus,,601.45,255,,,,,,,,,,
744,Empidonax virescens,,12.6,10,,,,,,,,,,
745,Vireolanius pulchellus,,24.0,122,,,,,,,,,,
746,Ceratopipra mentalis,,0.0,77,,,,,,,,,,
747,Eucometis penicillata,,27.0,16,,,,,,,,,,
748,Anas diazi,,0.0,6,,,,,,,,,,
749,Archilochus colubris/alexandri,,0.0,36,,,,,,,,,,
750,Calothorax lucifer/pulcher,,0.0,6,,,,,,,,,,
751,Sturnella neglecta/magna,,0.0,2,,,,,,,,,,
752,Selasphorus calliope,,0.0,17,,,,,,,,,,
753,Puffinus sp. (black-and-white shearwater sp.),,0.0,50,,,,,,,,,,
754,Ardenna grisea,,0.0,15,,,,,,,,,,
755,Spizaetus ornatus,,1197.4,78,,,,,,,,,,
756,Chaetura pelagica,,23.6,30,,,,,,,,,,
757,Pheucticus ludovicianus/melanocephalus,,0.0,36,,,,,,,,,,
758,Sclerurus guatemalensis,,34.7,6,,,,,,,,,,
759,Lophornis helenae,,2.6,59,,,,,,,,,,
760,Phaethornis longirostris/superciliosus,,0.0,1,,,,,,,,,,
761,Oceanitidae/Hydrobatidae sp.,,0.0,49,,,,,,,,,,
762,Sula dactylatra,,1732.08,44,,,,,,,,,,
763,Procellariidae sp. (shearwater sp.),,0.0,41,,,,,,,,,,
764,Icterus bullockii/galbula,,0.0,42,,,,,,,,,,
765,Platyrinchus cancrominus,,9.2,62,,,,,,,,,,
766,Phalaropus lobatus/fulicarius,,0.0,35,,,,,,,,,,
767,Puffinus opisthomelas,,408.0,96,,,,,,,,,,
768,Puffinus auricularis,,350.8,13,,,,,,,,,,
769,Limnodromus griseus/scolopaceus,,0.0,61,,,,,,,,,,
770,Tyrannus vociferans/verticalis,,0.0,22,,,,,,,,,,
771,Strix fulvescens,,559.09,131,,,,,,,,,,
772,Stercorarius maccormicki,,0.0,12,,,,,,,,,,
773,Oceanodroma sp.,,0.0,1,,,,,,,,,,
774,Piranga olivacea,,28.2,13,,,,,,,,,,
775,Setophaga caerulescens,,0.0,4,,,,,,,,,,
776,Crypturellus boucardi,,435.62,125,,,,,,,,,,
777,Rallus limicola,,84.1,11,,,,,,,,,,
778,Ixobrychus exilis,,86.29,5,,,,,,,,,,
779,Hylomanes momotula,,29.3,46,,,,,,,,,,
780,Heliornis fulica,,132.0,3,,,,,,,,,,
781,Icterus bullockii x galbula,,0.0,22,,,,,,,,,,
782,Aythya collaris,,704.55,214,,,,,,,,,,
783,Toxostoma curvirostre/bendirei,,0.0,11,,,,,,,,,,
784,Myiodynastes maculatus,,43.2,27,,,,,,,,,,
785,Onychoprion fuscatus,,0.0,16,,,,,,,,,,
786,Aquila chrysaetos,,4247.97,5,,,,,,,,,,
787,Sterna sp.,,0.0,1,,,,,,,,,,
788,Oceanodroma leucorhoa,,36.71,18,,,,,,,,,,
789,Anous stolidus,,177.77,19,,,,,,,,,,
790,Jabiru mycteria,,5996.29,6,,,,,,,,,,
791,Haemorhous sp.,,0.0,11,,,,,,,,,,
792,Aythya americana,,1075.69,182,,,,,,,,,,
793,Chaetura pelagica/vauxi,,0.0,35,,,,,,,,,,
794,Chaetura sp.,,0.0,18,,,,,,,,,,
795,Setophaga striata,,0.0,3,,,,,,,,,,
796,Contopus virens,,13.9,150,,,,,,,,,,
797,Setophaga palmarum,,0.0,22,,,,,,,,,,
798,Aix sponsa,,657.59,14,,,,,,,,,,
799,Lophodytes cucullatus,,613.77,17,,,,,,,,,,
800,Larus delawarensis,,516.31,46,,,,,,,,,,
801,Notharchus hyperrhynchus,,95.89,4,,,,,,,,,,
802,Eupsittula/Aratinga/Thectocercus/Psittacara sp.,,0.0,22,,,,,,,,,,
803,Sula granti,,1732.08,47,,,,,,,,,,
804,Empidonax alnorum/traillii,,0.0,75,,,,,,,,,,
805,Oceanodroma tethys,,22.6,39,,,,,,,,,,
806,Accipitridae sp. (hawk sp.),,0.0,84,,,,,,,,,,
807,Vireo olivaceus,,16.06,47,,,,,,,,,,
808,Calidris pugnax,,0.0,2,,,,,,,,,,
809,Thalasseus maximus/elegans,,0.0,60,,,,,,,,,,
810,Elanoides forficatus,,416.24,9,,,,,,,,,,
811,Molothrus aeneus/ater,,0.0,4,,,,,,,,,,
812,Limosa haemastica,,253.29,16,,,,,,,,,,
813,Dolichonyx oryzivorus,,31.46,5,,,,,,,,,,
814,Athene cunicularia,,150.61,11,,,,,,,,,,
815,Puffinus nativitatis,,356.0,1,,,,,,,,,,
816,Anthus cervinus,,20.9,4,,,,,,,,,,
817,Onychoprion fuscatus/anaethetus,,0.0,8,,,,,,,,,,
818,Anser caerulescens,,0.0,4,,,,,,,,,,
819,Protonotaria citrea,,14.3,2,,,,,,,,,,
820,Nyctiphrynus mcleodii,,35.0,5,,,,,,,,,,
821,Antrostomus carolinensis,,0.0,12,,,,,,,,,,
822,Gallinula chloropus/galeata,,0.0,1,,,,,,,,,,
823,Falco mexicanus,,713.07,2,,,,,,,,,,
824,Habia sp.,,0.0,11,,,,,,,,,,
825,Mareca strepera,,0.0,157,,,,,,,,,,
826,Tringa melanoleuca/flavipes,,0.0,20,,,,,,,,,,
827,Xanthocephalus xanthocephalus,,62.68,10,,,,,,,,,,
828,Spatula discors/cyanoptera,,0.0,5,,,,,,,,,,
829,Petrochelidon fulva,,18.95,10,,,,,,,,,,
830,Setophaga discolor,,0.0,4,,,,,,,,,,
831,Oceanodroma leucorhoa/socorroensis/cheimomnestes,,0.0,22,,,,,,,,,,
832,Buteogallus solitarius,,0.0,1,,,,,,,,,,
833,Stercorarius pomarinus/parasiticus,,0.0,18,,,,,,,,,,
834,Calidris pusilla/mauri,,0.0,51,,,,,,,,,,
835,Sulidae sp.,,0.0,11,,,,,,,,,,
836,Stercorarius longicaudus,,287.9,16,,,,,,,,,,
837,Geothlypis tolmiei/philadelphia,,0.0,7,,,,,,,,,,
838,Stercorarius sp. (jaeger sp.),,0.0,24,,,,,,,,,,
839,Cathartidae sp.,,0.0,10,,,,,,,,,,
840,Petrochelidon pyrrhonota/fulva,,0.0,8,,,,,,,,,,
841,Myiopsitta monachus,,120.0,148,,,,,,,,,,
842,Cypseloides sp.,,0.0,8,,,,,,,,,,
843,Calidris alpina,,51.89,9,,,,,,,,,,
844,Lipaugus unirufus,,82.1,42,,,,,,,,,,
845,Pterodroma externa,,428.0,1,,,,,,,,,,
846,Psarocolius sp.,,0.0,2,,,,,,,,,,
847,Parkesia motacilla/noveboracensis,,0.0,28,,,,,,,,,,
848,Turdidae sp.,,0.0,2,,,,,,,,,,
849,Phalacrocorax auritus,,1806.49,1,,,,,,,,,,
850,Campylopterus rufus,,7.1,26,,,,,,,,,,
851,Zonotrichia leucophrys,,28.0,1,,,,,,,,,,
852,Streptoprocne sp.,,0.0,1,,,,,,,,,,
853,Sarcoramphus papa,,3400.0,49,,,,,,,,,,
854,Stercorarius parasiticus/longicaudus,,0.0,10,,,,,,,,,,
855,Nycticorax nycticorax/Nyctanassa violacea,,0.0,18,,,,,,,,,,
856,Schiffornis veraepacis,,0.0,12,,,,,,,,,,
857,Anatidae sp. (dabbling duck sp.),,0.0,13,,,,,,,,,,
858,Lophostrix cristata,,538.66,8,,,,,,,,,,
859,Ardenna grisea/tenuirostris,,0.0,3,,,,,,,,,,
860,Florisuga mellivora,,7.4,7,,,,,,,,,,
861,Pluvialis fulva,,134.9,1,,,,,,,,,,
862,Accipiter bicolor,,287.54,8,,,,,,,,,,
863,Limnothlypis swainsonii,,18.9,2,,,,,,,,,,
864,Pionus sp.,,0.0,1,,,,,,,,,,
865,Antrostomus vociferus/arizonae,,0.0,1,,,,,,,,,,
866,Pluvialis sp.,,0.0,10,,,,,,,,,,
867,Larus californicus,,683.39,11,,,,,,,,,,
868,Aythya sp.,,0.0,4,,,,,,,,,,
869,Spatula discors x cyanoptera,,0.0,4,,,,,,,,,,
870,Leiothlypis luciae,,0.0,11,,,,,,,,,,
871,Setophaga townsendi/occidentalis,,0.0,13,,,,,,,,,,
872,Apodidae sp. (large swift sp.),,0.0,2,,,,,,,,,,
873,Caprimulgus sp.,,0.0,1,,,,,,,,,,
874,Megascops sp.,,0.0,1,,,,,,,,,,
875,Apodidae sp. (small swift sp.),,0.0,1,,,,,,,,,,
876,Calidris alpina x fuscicollis,,0.0,1,,,,,,,,,,
877,Thryophilus sinaloa,,0.0,12,,,,,,,,,,
878,Geranoaetus/Buteo sp.,,0.0,1,,,,,,,,,,
879,Sula sp.,,0.0,11,,,,,,,,,,
880,Plegadis falcinellus,,626.61,3,,,,,,,,,,
881,Eupherusa poliocerca,,4.85,4,,,,,,,,,,
882,Phalaropus sp.,,0.0,34,,,,,,,,,,
883,Icterus spurius/cucullatus,,0.0,10,,,,,,,,,,
884,Setophaga chrysoparia,,0.0,13,,,,,,,,,,
885,Passerina amoena/cyanea,,0.0,5,,,,,,,,,,
886,Oceanodroma leucorhoa/socorroensis (dark-rumped),,0.0,19,,,,,,,,,,
887,Gavia immer,,4956.81,2,,,,,,,,,,
888,Thalasseus sp.,,0.0,1,,,,,,,,,,
889,Pseudobulweria rostrata,,409.0,14,,,,,,,,,,
890,Ardea/Egretta/Bubulcus sp.,,0.0,27,,,,,,,,,,
891,Buteo/eagle sp.,,0.0,1,,,,,,,,,,
892,Myiodynastes maculatus/luteiventris,,0.0,1,,,,,,,,,,
893,Onychoprion anaethetus,,0.0,13,,,,,,,,,,
894,Selasphorus rufus/sasin,,0.0,8,,,,,,,,,,
895,Columba livia/Patagioenas fasciata,,0.0,1,,,,,,,,,,
896,Phaethon sp.,,0.0,1,,,,,,,,,,
897,Myioborus sp.,,0.0,2,,,,,,,,,,
898,Sphyrapicus thyroideus,,47.6,5,,,,,,,,,,
899,Sterna paradisaea,,110.0,14,,,,,,,,,,
900,Laridae sp.,,0.0,18,,,,,,,,,,
901,Anser anser (Domestic type),,0.0,7,,,,,,,,,,
902,Cantorchilus modestus,,0.0,49,,,,,,,,,,
903,Henicorhina sp.,,0.0,9,,,,,,,,,,
904,Spinus sp.,,0.0,11,,,,,,,,,,
905,Catharus fuscescens,,31.9,4,,,,,,,,,,
906,Asio otus,,296.57,4,,,,,,,,,,
907,Falco sp. (small falcon sp.),,0.0,7,,,,,,,,,,
908,Falco sp. (large falcon sp.),,0.0,4,,,,,,,,,,
909,Columbina sp.,,0.0,15,,,,,,,,,,
910,Spizaetus sp.,,0.0,2,,,,,,,,,,
911,Falco sp.,,0.0,10,,,,,,,,,,
912,Spinus sp. (goldfinch sp.),,0.0,3,,,,,,,,,,
913,Lonchura malacca,,12.6,3,,,,,,,,,,
914,Psittacara sp.,,0.0,9,,,,,,,,,,
915,Anas platyrhynchos (Domestic type),,0.0,3,,,,,,,,,,
916,Dendrocolaptes sp.,,0.0,1,,,,,,,,,,
917,Momotidae sp.,,0.0,8,,,,,,,,,,
918,Coccyzus sp.,,0.0,8,,,,,,,,,,
919,Patagioenas sp.,,0.0,1,,,,,,,,,,
920,Haemorhous cassinii,,0.0,5,,,,,,,,,,
921,Phaethornis sp.,,0.0,9,,,,,,,,,,
922,Aythya marila/affinis,,0.0,3,,,,,,,,,,
923,Sporophila sp.,,0.0,6,,,,,,,,,,
924,Tityra sp.,,0.0,3,,,,,,,,,,
925,Amaurospiza concolor,,13.1,4,,,,,,,,,,
926,Mergus serrator,,1015.17,1,,,,,,,,,,
927,Heliomaster longirostris/constantii,,0.0,2,,,,,,,,,,
928,Antrostomus sp.,,0.0,1,,,,,,,,,,
929,Buteogallus anthracinus/urubitinga,,0.0,8,,,,,,,,,,
930,Petrochelidon sp.,,0.0,2,,,,,,,,,,
931,Buteogallus sp.,,0.0,3,,,,,,,,,,
932,Psittacara holochlorus/strenuus,,0.0,5,,,,,,,,,,
933,Lepidocolaptes sp.,,0.0,6,,,,,,,,,,
934,Ictinia mississippiensis/plumbea,,0.0,2,,,,,,,,,,
935,Archilochus alexandri,,3.39,1,,,,,,,,,,
936,Regulus sp.,,0.0,2,,,,,,,,,,
937,Anser sp. (Domestic type),,0.0,1,,,,,,,,,,
938,Rallidae sp. (rail/crake sp.),,0.0,4,,,,,,,,,,
939,Aythya valisineria,,1202.0,3,,,,,,,,,,
940,Thraupis sp.,,0.0,5,,,,,,,,,,
941,Oceanitidae/Hydrobatidae sp. (dark-rumped),,0.0,2,,,,,,,,,,
942,Oceanitidae/Hydrobatidae sp. (white-rumped),,0.0,2,,,,,,,,,,
943,Toxostoma sp.,,0.0,2,,,,,,,,,,
944,Aquila chrysaetos/Haliaeetus leucocephalus,,0.0,1,,,,,,,,,,
945,Columbina passerina/talpacoti,,0.0,1,,,,,,,,,,
