species,length,mass,freq,folk_generic,folk_specific,clements_group,prototype,group_size_folk_generics,group_size_folk_specific,group_size_clements
Columbina inca,8.0,47.5,10723,côc,côc,Pigeons and Doves,0,2,2,7
Anas crecca,14.0,341.89,370,bǎd,bǎd-guìx,Waterfowl,0,7,5,10
Amazilia beryllina,4.0,4.5,6678,dzǐn̲g,dzǐn̲g,Hummingbirds,0,14,10,14
Poecile sclateri,5.0,10.09,1172,mguîn̲-pàyâs,mguîn̲-pàyâs,"Tits, Chickadees, and Titmice",0,2,2,2
Toxostoma curvirostre,10.5,80.54,5046,mquièts,mquièts,"Catbirds, Mockingbirds, and Thrashers",0,2,2,3
Hirundo rustica,7.125,17.91,1206,xlútsǐ,xlútsǐ-nquǐts,Martins and Swallows,0,7,4,4
Campylorhynchus jocosus,6.5,27.6,1969,mguîn̲-quiè,mguîn̲-quiè,Wrens,0,1,1,6
Mareca americana,19.85,754.61,271,bǎd,bǎd-guìx,Waterfowl,0,7,5,10
Troglodytes aedon,4.699999999999999,10.85,2184,nguzhǐn,nguzhǐn-guì,Wrens,0,6,2,6
Aratinga canicularis,8.9,85.0,0,pèrícw,pèrícw,"Parrots, Parakeets, and Allies",0,1,1,3
Myiarchus tuberculifer,6.75,17.7,2575,mguîn̲-rchǔup,mguîn̲-rchǔup,"Tyrant Flycatchers: Pewees, Kingbirds, and Allies",0,2,2,12
Micrathene whitneyi,5.5,41.0,28,mquí,mquí,Owls,0,3,3,6
Buteo jamaicensis,22.0,1101.16,2978,msì,msì,"Vultures, Hawks, and Allies",1,7,3,8
Quiscalus mexicanus,14.5,160.47,6954,mguîn̲-bǒo,mguîn̲-bǒo,Blackbirds,0,1,1,3
Falco peregrinus,18.0,759.95,883,msì,msì-dòo,Falcons and Caracaras,0,7,1,3
Corvus corax,25.0,927.97,2006,ngǎ,ngǎ,"Jays, Magpies, Crows, and Ravens",0,1,1,3
Mniotilta varia,5.0,10.9,2991,wǐt,wǐt,Wood-Warblers,0,12,11,15
Tyrannus crassirostris,9.5,55.89,2132,cùchguêr,cùchguêr,"Tyrant Flycatchers: Pewees, Kingbirds, and Allies",0,4,3,12
Archilochus colubris,3.375,3.09,3333,dzǐn̲g,dzǐn̲g,Hummingbirds,0,14,10,14
Colibri thalassinus,4.0,5.9,973,dzǐn̲g,dzǐn̲g-yǎ-guì,Hummingbirds,0,14,2,14
Lampornis amethystinus,4.75,5.2,562,dzǐn̲g,dzǐn̲g-yǎ-guì,Hummingbirds,0,14,2,14
Haemorhous mexicanus,6.0,21.4,7991,mguěy,mguěy,"Finches, Euphonias, and Allies",1,4,2,3
Dendroica occidentalis,4.75,10.4,0,wǐt,wǐt,Wood-Warblers,0,12,11,15
Sphyrapicus varius,8.5,50.3,671,càrpìntêr,càrpìntêr-diè,Woodpeckers,0,7,1,8
Myioborus pictus,5.5,9.79,1144,mguîn̲-mâ-zhiàn,mguîn̲-mâ-zhiàn,Wood-Warblers,0,2,2,15
Aeronautes saxatalis,6.5,32.1,259,xlútsǐ,xlútsǐ-ngǎs,Swifts,0,7,3,3
Sayornis nigricans,6.5,18.63,1918,mguîn̲-guiùu,mguîn̲-guiùu,"Tyrant Flycatchers: Pewees, Kingbirds, and Allies",0,1,1,12
Caprimulgus arizonae,9.399999999999999,53.3,0,pùrpùrwít,pùrpùrwít,Nightjars,0,1,1,1
Circus cyaneus,17.75,392.98,0,msì,msì-lâg,"Vultures, Hawks, and Allies",0,7,3,8
Calothorax pulcher,3.25,2.7,609,dzǐn̲g,dzǐn̲g,Hummingbirds,0,14,10,14
Junco phaeonotus,6.25,20.4,2155,mguîn̲-x-còl-nquǐts,mguîn̲-x-còl-nquǐts,New World Sparrows,0,1,1,10
Anser anser,32.5,3302.41,7,gâns,gâns,Waterfowl,0,2,2,10
Catharus frantzii,6.5,28.9,357,mguîn̲-guìib-tsár,mguîn̲-guìib-tsár,Thrushes,0,4,4,5
Melospiza lincolnii,5.625,16.6,1733,mtsùu,mtsùu,New World Sparrows,0,8,8,10
Oreothlypis superciliosa,4.25,9.0,2207,nguzhǐn,nguzhǐn-gùts,Wood-Warblers,0,6,1,15
Lepidocolaptes leucogaster,9.0,36.0,380,ârbìtrò,ârbìtrò,Woodcreepers,0,1,1,1
Polioptila caerulea,4.25,5.8,6898,dìx,dìx,Gnatcatchers,0,1,1,1
Melozone albicollis,8.1,46.4,9110,chûurr,chûurr,New World Sparrows,0,1,1,10
Campephilus guatemalensis,13.5,242.0,882,càrpìntêr,càrpìntêr-mâch,Woodpeckers,0,7,2,8
Catharus occidentalis,6.5,26.2,1273,mguîn̲-guìib-tsár,mguîn̲-guìib-tsár,Thrushes,0,4,4,5
Molothrus aeneus,7.625,62.61,3489,sànât-bûrr,sànât-bûrr,Blackbirds,0,1,1,3
Bubo virginianus,21.5,1575.7,145,dǎm̲,dǎm̲,Owls,1,3,1,6
Melanerpes formicivorus,9.0,79.62,949,càrpìntêr,càrpìntêr-ngǎs,Woodpeckers,0,7,1,8
Aphelocoma californica,11.5,85.74,0,cuǐl̲,cuǐl̲,"Jays, Magpies, Crows, and Ravens",0,2,1,3
Dendroica coronata,5.300000000000001,11.94,0,wǐt,wǐt,Wood-Warblers,0,12,11,15
Passer domesticus,6.0,26.51,4624,mguîn̲-mòlîn,mguîn̲-mòlîn,Old World Sparrows,0,1,1,1
Cypseloides niger,7.25,39.67,236,xlútsǐ,xlútsǐ-ngǎs,Swifts,0,7,3,3
Cyanocitta stelleri,11.5,128.0,2302,cuǐl̲,cuǐl̲-guì,"Jays, Magpies, Crows, and Ravens",0,2,1,3
Icterus wagleri,8.75,41.8,5262,mguěy,mguěy-guièe-pchôg,Blackbirds,0,4,1,3
Anas platyrhynchos,23.0,843.42,3,bǎd,bǎd,Waterfowl,0,7,2,10
Aimophila ruficeps,6.0,18.69,638,mtsùu,mtsùu,New World Sparrows,0,8,8,10
Tyrannus vociferans,8.5,45.6,5119,cùchguêr,cùchguêr,"Tyrant Flycatchers: Pewees, Kingbirds, and Allies",0,4,3,12
Ortalis poliocephala,25.0,760.0,2653,chìchàlác,chìchàlác,"Chachalacas, Guans, and Curassows",0,1,1,1
Psaltriparus minimus,4.5,5.3,2790,mziùud,mziùud,Penduline-Tits and Long-tailed Tits,0,1,1,1
Zenaida macroura,12.0,118.93,1936,mézh,mézh,Pigeons and Doves,0,1,1,7
Falco sparverius,10.5,114.61,2435,líd,líd,Falcons and Caracaras,0,1,1,3
Vireo plumbeus,5.5,16.4,683,mtsùu,mtsùu,Vireos,0,8,8,4
Arremon brunneinucha,7.3,43.97,1157,mguîn̲-wchǔup,mguîn̲-wchǔup,New World Sparrows,0,1,1,10
Geococcyx velox,23.0,179.89,686,mriě,mriě,Cuckoos,0,1,1,1
Trogon mexicanus,12.5,71.0,1561,mèr-dán,mèr-dán,Trogons and Quetzals,0,1,1,2
Salpinctes obsoletus,5.5,16.37,1078,nguzhǐn,nguzhǐn-quiè,Wrens,0,6,1,6
Cynanthus sordidus,3.75,4.0,4751,dzǐn̲g,dzǐn̲g,Hummingbirds,0,14,10,14
Aythya affinis,16.5,819.45,258,bǎd,bǎd-guìx,Waterfowl,0,7,5,10
Gallus gallus,28.0,751.72,0,nguǐd,nguǐd,"Grouse, Quail, and Allies",0,1,1,4
Empidonax affinis,5.25,11.3,393,wǐt,wǐt,"Tyrant Flycatchers: Pewees, Kingbirds, and Allies",0,12,11,12
Buteo albonotatus,19.5,745.92,993,msì,msì,"Vultures, Hawks, and Allies",0,7,3,8
Spizella passerina,5.5,12.2,1834,mtsùu,mtsùu,New World Sparrows,0,8,8,10
Colaptes auratus,13.375,131.46,930,mguîn̲-pliêgw,mguîn̲-pliêgw,Woodpeckers,0,1,1,8
Myiarchus nuttingi,7.25,23.0,1903,mguîn̲-rchǔup,mguîn̲-rchǔup,"Tyrant Flycatchers: Pewees, Kingbirds, and Allies",0,2,2,12
Pooecetes gramineus,6.125,25.68,198,wǐt,wǐt,New World Sparrows,0,12,11,10
Mitrephanes phaeocercus,5.0,8.59,1776,wǐt,wǐt-dán,"Tyrant Flycatchers: Pewees, Kingbirds, and Allies",0,12,1,12
Aimophila mystacalis,6.25,22.2,0,mtsùu,mtsùu,New World Sparrows,0,8,8,10
Amazona finschi,13.0,302.0,311,lòr,lòr,"Parrots, Parakeets, and Allies",0,1,1,3
Myadestes occidentalis,8.0,36.4,3842,mguîn̲-guìib-tsár,mguîn̲-guìib-tsár,Thrushes,0,4,4,5
Spinus notatus,4.25,10.9,664,yěets,yěets-dán,"Finches, Euphonias, and Allies",0,3,1,3
Piranga rubra,7.75,29.13,2062,mguěy,mguěy,"Cardinals, Grosbeaks, and Allies",0,4,2,2
Baeolophus wollweberi,4.625,10.4,510,mguîn̲-pàyâs,mguîn̲-pàyâs,"Tits, Chickadees, and Titmice",0,2,2,2
Accipiter cooperii,17.5,429.67,1551,msì,msì-lâg,"Vultures, Hawks, and Allies",0,7,3,8
Centurus hypopolius,7.85,52.4,0,càrpìntêr,càrpìntêr-psì,Woodpeckers,0,7,1,8
Picoides scalaris,7.0,31.59,0,càrpìntêr,càrpìntêr-psì-yèen̲,Woodpeckers,0,7,1,8
Selasphorus rufus,3.75,3.5,360,dzǐn̲g,dzǐn̲g,Hummingbirds,0,14,10,14
Coragyps atratus,25.0,1881.69,8865,pěch,pěch-rúx,"Vultures, Hawks, and Allies",0,2,1,8
Ara militaris,29.5,1134.0,85,měw,měw,"Parrots, Parakeets, and Allies",0,1,1,3
Tyrannus verticalis,8.75,39.6,1155,cùchguêr,cùchguêr,"Tyrant Flycatchers: Pewees, Kingbirds, and Allies",0,4,3,12
Megascops trichopsis,7.25,88.26,112,mquí,mquí,Owls,0,3,3,6
Cypseloides rutilus,6.25,20.2,0,xlútsǐ,xlútsǐ-ngǎs,Swifts,0,7,3,3
Thryomanes bewickii,5.25,9.9,5465,nguzhǐn,nguzhǐn,Wrens,1,6,1,6
Columba livia,13.5,354.2,2254,pàlôm,pàlôm,Pigeons and Doves,1,2,1,7
Cardellina rubrifrons,5.0,8.1,577,wǐt,wǐt,Wood-Warblers,0,12,11,15
Spatula discors,15.15,359.44,2080,bǎd,bǎd-guìx,Waterfowl,0,7,5,10
Pipilo ocai,8.2,60.95,1116,chùubây,chùubây,New World Sparrows,0,1,1,10
Empidonax oberholseri,5.75,10.4,1198,wǐt,wǐt,"Tyrant Flycatchers: Pewees, Kingbirds, and Allies",0,12,11,12
Cyrtonyx montezumae,8.5,185.38,18,mtǒ,mtǒ,"Grouse, Quail, and Allies",0,1,1,4
Empidonax occidentalis,5.75,11.6,967,wǐt,wǐt,"Tyrant Flycatchers: Pewees, Kingbirds, and Allies",0,12,11,12
Sayornis saya,7.5,20.9,302,cùchguêr,xín-cùchguêr,"Tyrant Flycatchers: Pewees, Kingbirds, and Allies",0,4,1,12
Melanotis caerulescens,10.0,61.57,4343,mæ̀cw-guiùu,mæ̀cw-guiùu,"Catbirds, Mockingbirds, and Thrashers",0,1,1,3
Cairina moschata,30.0,2415.78,257,bǎd,bǎd,Waterfowl,0,7,2,10
Cardellina pusilla,4.3,6.96,7578,yěets,yěets,Wood-Warblers,0,3,1,15
Trogon elegans,11.75,70.89,284,chòo-dzê,chòo-dzê,Trogons and Quetzals,0,1,1,2
Leptotila verreauxi,11.0,146.88,3268,guiès-ró-yù,guiès-ró-yù,Pigeons and Doves,0,1,1,7
Columbina passerina,6.5,35.36,2100,côc,côc,Pigeons and Doves,0,2,2,7
Ciccaba virgata,13.2,283.97,338,dǎm̲,dǎm̲-yêt,Owls,0,3,2,6
Dryocopus lineatus,13.3,183.19,1103,càrpìntêr,càrpìntêr-mâch,Woodpeckers,0,7,2,8
Dryobates villosus,8.649999999999999,62.65,1156,càrpìntêr,càrpìntêr-ló-guì,Woodpeckers,0,7,1,8
Contopus pertinax,8.0,27.2,3019,pédrǐt,pédrǐt,"Tyrant Flycatchers: Pewees, Kingbirds, and Allies",0,1,1,12
Henicorhina leucophrys,4.25,16.19,1592,nguzhǐn,nguzhǐn-guì,Wrens,0,6,2,6
Accipiter striatus,12.0,130.59,862,msì,msì-lâg,"Vultures, Hawks, and Allies",0,7,3,8
Amazilia wagneri,3.9,5.24,0,dzǐn̲g,dzǐn̲g,Hummingbirds,0,14,10,14
Lampornis clemenciae,5.25,7.55,886,dzǐn̲g,dzǐn̲g,Hummingbirds,0,14,10,14
Pipilo maculatus,7.25,39.28,1523,mguîn̲-wǐx,mguîn̲-wǐx,New World Sparrows,0,1,1,10
Vireo cassinii,5.0,14.7,916,mtsùu,mtsùu,Vireos,0,8,8,4
Vermivora ruficapilla,4.699999999999999,8.09,0,mguîn̲-tsíríic,mguîn̲-tsíríic,Wood-Warblers,0,1,1,15
Pheucticus melanocephalus,7.75,47.13,2627,mguěy,mguěy-guièe-dán,"Cardinals, Grosbeaks, and Allies",0,4,1,2
Basileuterus rufifrons,5.25,10.4,4865,mguîn̲-dǎm̲,mguîn̲-dǎm̲,Wood-Warblers,0,1,1,15
Eugenes fulgens,4.525,8.0,1642,dzǐn̲g,dzǐn̲g,Hummingbirds,0,14,10,14
Cathartes aura,29.0,1518.24,13517,pěch,pěch,"Vultures, Hawks, and Allies",1,2,1,8
Cinclus mexicanus,7.5,56.68,16,mguîn̲-nìs,mguîn̲-nìs,Dippers,0,1,1,1
Asio stygius,16.55,565.0,10,dǎm̲,dǎm̲-yêt,Owls,0,3,2,6
Lamprolaima rhami,4.75,7.8,418,dzǐn̲g,dzǐn̲g,Hummingbirds,0,14,10,14
Oporornis tolmiei,5.1,10.4,0,wǐt,wǐt,Wood-Warblers,0,12,11,15
Catharus aurantiirostris,5.5,29.8,1237,mguîn̲-guìib-tsár,mguîn̲-guìib-tsár,Thrushes,0,4,4,5
Oxyura jamaicensis,15.0,608.15,690,bǎd,bǎd-guìx,Waterfowl,0,7,5,10
Setophaga townsendi,4.75,8.84,3787,yěets,yěets-pînt,Wood-Warblers,0,3,1,15
Zenaida asiatica,11.5,153.0,11054,còolíchè,còolíchè,Pigeons and Doves,0,1,1,7
Hirundo pyrrhonota,5.1,21.6,0,xlútsǐ,xlútsǐ-nquǐts,Martins and Swallows,0,7,4,4
Turdus migratorius,10.0,78.5,1542,miân,miân,Thrushes,0,1,1,5
Ptiliogonys cinereus,7.5,33.6,5476,péedrùuch,péedrùuch,Silky-flycatchers,0,1,1,1
Amazilia viridifrons,4.25,6.3,513,dzǐn̲g,dzǐn̲g,Hummingbirds,0,14,10,14
Dendrortyx macroura,13.5,430.99,663,mtsòo,mtsòo,"Grouse, Quail, and Allies",0,1,1,4
Carduelis psaltria,4.5,8.77,0,mdzíl-dò,mdzíl-dò,"Finches, Euphonias, and Allies",0,1,1,3
Meleagris gallopavo,38.5,5791.37,0,mèr,mèr,"Grouse, Quail, and Allies",0,1,1,4
Vireo huttoni,4.875,11.3,2103,mtsùu,mtsùu,Vireos,0,8,8,4
Dendrocygna autumnalis,19.5,755.3,1153,pìxîx,pìxîx,Waterfowl,0,1,1,10
Catherpes mexicanus,5.0,11.97,2327,nguzhǐn,nguzhǐn-zhàn̲-quiè,Wrens,0,6,1,6
Stelgidopteryx serripennis,5.5,15.69,5161,xlútsǐ,xlútsǐ-nquǐts,Martins and Swallows,0,7,4,4
Eremophila alpestris,7.5,33.33,80,mguîn̲-ló-liù,mguîn̲-ló-liù,Larks,0,1,1,1
Buteo brachyurus,16.0,496.01,1314,msì,msì,"Vultures, Hawks, and Allies",0,7,3,8
Bombycilla cedrorum,7.0,31.58,533,mguîn̲-bæ̀d,mguîn̲-bæ̀d,Waxwings,0,1,1,1
Dendroica nigrescens,5.1,8.7,0,wǐt,wǐt,Wood-Warblers,0,12,11,15
Tachycineta thalassina,5.125,14.14,2454,xlútsǐ,xlútsǐ-nquǐts,Martins and Swallows,0,7,4,4
Patagioenas fasciata,14.5,366.3,927,pàlôm,pàlôm-dán,Pigeons and Doves,0,2,1,7
Myioborus miniatus,6.0,9.0,3440,mguîn̲-mâ-zhiàn,mguîn̲-mâ-zhiàn,Wood-Warblers,0,2,2,15
Glaucidium gnoma,7.25,61.25,413,mquí,mquí,Owls,0,3,3,6
Anser cygnoides,34.5,3511.94,0,gâns,gâns,Waterfowl,0,2,2,10
Bubulcus ibis,20.0,365.95,4374,gàrs,gàrs,"Herons, Ibis, and Allies",0,1,1,1
Mimus polyglottos,10.0,48.5,1678,mquièts,mquièts,"Catbirds, Mockingbirds, and Thrashers",0,2,2,3
Atthis heloisa,2.75,2.2,800,dzǐn̲g,dzǐn̲g-gué,Hummingbirds,0,14,1,14
Ergaticus ruber,5.5,8.1,0,x-quǐit-ngùbìdz,x-quǐit-ngùbìdz,Wood-Warblers,0,1,1,15
Vermivora celata,5.05,9.19,0,wǐt,wǐt,Wood-Warblers,0,12,11,15
Hylocharis leucotis,3.4,3.39,2753,dzǐn̲g,dzǐn̲g-dán-yǎ-guì,Hummingbirds,0,14,1,14
Vireo gilvus,5.25,12.67,3267,mtsùu,mtsùu,Vireos,0,8,8,4
Caracara plancus,49.5,1078.62,0,mguîn̲-rlæ̌-dzìt,mguîn̲-rlæ̌-dzìt,Falcons and Caracaras,0,1,1,3
Trogon citreolus,NA,79.0,2030,NA,NA,NA,NA,NA,NA,NA
Atlapetes pileatus,NA,24.0,1300,NA,NA,NA,NA,NA,NA,NA
Diglossa baritula,NA,9.2,1041,NA,NA,NA,NA,NA,NA,NA
Leiothlypis ruficapilla,NA,0.0,5300,NA,NA,NA,NA,NA,NA,NA
Sterna forsteri,NA,149.0,165,NA,NA,NA,NA,NA,NA,NA
Numenius phaeopus,NA,364.57,448,NA,NA,NA,NA,NA,NA,NA
Icterus gularis,NA,55.16,2400,NA,NA,NA,NA,NA,NA,NA
Chaetura vauxi,NA,17.1,691,NA,NA,NA,NA,NA,NA,NA
Eudocimus albus,NA,889.66,1254,NA,NA,NA,NA,NA,NA,NA
Turdus rufopalliatus,NA,75.02,4272,NA,NA,NA,NA,NA,NA,NA
Caracara cheriway,NA,1078.62,4387,NA,NA,NA,NA,NA,NA,NA
Coereba flaveola,NA,10.01,386,NA,NA,NA,NA,NA,NA,NA
Setophaga coronata,NA,0.0,7097,NA,NA,NA,NA,NA,NA,NA
Myiarchus sp.,NA,0.0,557,NA,NA,NA,NA,NA,NA,NA
Leiothlypis virginiae,NA,0.0,1695,NA,NA,NA,NA,NA,NA,NA
Empidonax hammondii,NA,10.44,680,NA,NA,NA,NA,NA,NA,NA
Setophaga petechia,NA,0.0,2629,NA,NA,NA,NA,NA,NA,NA
Rupornis magnirostris,NA,0.0,1828,NA,NA,NA,NA,NA,NA,NA
Tityra semifasciata,NA,79.3,1068,NA,NA,NA,NA,NA,NA,NA
Megarynchus pitangua,NA,69.91,1561,NA,NA,NA,NA,NA,NA,NA
Geothlypis trichas,NA,9.54,730,NA,NA,NA,NA,NA,NA,NA
Cyanerpes cyaneus,NA,14.0,1165,NA,NA,NA,NA,NA,NA,NA
Crotophaga sulcirostris,NA,82.04,3217,NA,NA,NA,NA,NA,NA,NA
Chondestes grammacus,NA,29.0,1740,NA,NA,NA,NA,NA,NA,NA
Ortalis vetula,NA,562.6,389,NA,NA,NA,NA,NA,NA,NA
Herpetotheres cachinnans,NA,623.58,420,NA,NA,NA,NA,NA,NA,NA
Melozone fusca,NA,0.0,25,NA,NA,NA,NA,NA,NA,NA
Melanerpes hypopolius,NA,52.4,2366,NA,NA,NA,NA,NA,NA,NA
Morococcyx erythropygus,NA,64.53,1029,NA,NA,NA,NA,NA,NA,NA
Icterus galbula,NA,32.83,1242,NA,NA,NA,NA,NA,NA,NA
Pitangus sulphuratus,NA,62.85,10326,NA,NA,NA,NA,NA,NA,NA
Chlorospingus flavopectus,NA,0.0,1392,NA,NA,NA,NA,NA,NA,NA
Calidris minutilla,NA,22.88,1308,NA,NA,NA,NA,NA,NA,NA
Recurvirostra americana,NA,304.48,313,NA,NA,NA,NA,NA,NA,NA
Saltator atriceps,NA,83.79,1149,NA,NA,NA,NA,NA,NA,NA
Cyanolyca nanus,NA,0.0,707,NA,NA,NA,NA,NA,NA,NA
Anthus rubescens,NA,20.68,454,NA,NA,NA,NA,NA,NA,NA
Tachybaptus dominicus,NA,132.59,2240,NA,NA,NA,NA,NA,NA,NA
Peucedramus taeniatus,NA,11.0,1372,NA,NA,NA,NA,NA,NA,NA
Saltator coerulescens,NA,54.9,676,NA,NA,NA,NA,NA,NA,NA
Amazona albifrons,NA,206.0,1519,NA,NA,NA,NA,NA,NA,NA
Tringa flavipes,NA,77.5,459,NA,NA,NA,NA,NA,NA,NA
Cochlearius cochlearius,NA,643.21,415,NA,NA,NA,NA,NA,NA,NA
Cassiculus melanicterus,NA,0.0,2462,NA,NA,NA,NA,NA,NA,NA
Fulica americana,NA,636.74,1992,NA,NA,NA,NA,NA,NA,NA
Setophaga occidentalis,NA,0.0,1727,NA,NA,NA,NA,NA,NA,NA
Piranga ludoviciana,NA,28.1,6139,NA,NA,NA,NA,NA,NA,NA
Ammodramus savannarum,NA,17.61,325,NA,NA,NA,NA,NA,NA,NA
Actitis macularius,NA,40.4,2628,NA,NA,NA,NA,NA,NA,NA
Pachyramphus aglaiae,NA,29.69,1748,NA,NA,NA,NA,NA,NA,NA
Egretta caerulea,NA,338.61,1604,NA,NA,NA,NA,NA,NA,NA
Spizella pallida,NA,11.2,608,NA,NA,NA,NA,NA,NA,NA
Tiaris olivaceus,NA,8.5,484,NA,NA,NA,NA,NA,NA,NA
Pyrocephalus rubinus,NA,14.4,8761,NA,NA,NA,NA,NA,NA,NA
Leiothlypis celata,NA,0.0,3241,NA,NA,NA,NA,NA,NA,NA
Sula leucogaster,NA,1288.82,517,NA,NA,NA,NA,NA,NA,NA
Turdus assimilis,NA,70.2,1176,NA,NA,NA,NA,NA,NA,NA
Megaceryle alcyon,NA,148.0,860,NA,NA,NA,NA,NA,NA,NA
Leucophaeus atricilla,NA,0.0,1493,NA,NA,NA,NA,NA,NA,NA
Thalasseus maximus,NA,0.0,1104,NA,NA,NA,NA,NA,NA,NA
Regulus calendula,NA,6.19,1890,NA,NA,NA,NA,NA,NA,NA
Phaethornis longirostris,NA,6.0,166,NA,NA,NA,NA,NA,NA,NA
Icterus cucullatus,NA,24.3,842,NA,NA,NA,NA,NA,NA,NA
Vireo nelsoni,NA,9.4,582,NA,NA,NA,NA,NA,NA,NA
Vireo brevipennis,NA,11.8,949,NA,NA,NA,NA,NA,NA,NA
Empidonax minimus,NA,10.0,1838,NA,NA,NA,NA,NA,NA,NA
Thryophilus pleurostictus,NA,0.0,1725,NA,NA,NA,NA,NA,NA,NA
Chordeiles acutipennis,NA,48.42,570,NA,NA,NA,NA,NA,NA,NA
Icterus mesomelas,NA,39.9,107,NA,NA,NA,NA,NA,NA,NA
Eupsittula nana,NA,0.0,703,NA,NA,NA,NA,NA,NA,NA
Chondrohierax uncinatus,NA,286.07,219,NA,NA,NA,NA,NA,NA,NA
Glaucidium brasilianum,NA,75.1,1900,NA,NA,NA,NA,NA,NA,NA
Aphelocoma woodhouseii,NA,0.0,1840,NA,NA,NA,NA,NA,NA,NA
Campylorhynchus rufinucha,NA,31.0,2601,NA,NA,NA,NA,NA,NA,NA
Passerina cyanea,NA,14.69,1547,NA,NA,NA,NA,NA,NA,NA
Vireolanius melitophrys,NA,34.7,813,NA,NA,NA,NA,NA,NA,NA
Melanerpes chrysogenys,NA,67.72,2070,NA,NA,NA,NA,NA,NA,NA
Passerina leclancherii,NA,14.0,2207,NA,NA,NA,NA,NA,NA,NA
Tringa melanoleuca,NA,161.74,634,NA,NA,NA,NA,NA,NA,NA
Icterus spurius,NA,19.44,2405,NA,NA,NA,NA,NA,NA,NA
Passerina ciris,NA,15.54,932,NA,NA,NA,NA,NA,NA,NA
Butorides virescens,NA,201.5,1672,NA,NA,NA,NA,NA,NA,NA
Dendrocolaptes sanctithomae,NA,66.9,57,NA,NA,NA,NA,NA,NA,NA
Myiarchus tyrannulus,NA,35.45,1371,NA,NA,NA,NA,NA,NA,NA
Calocitta formosa,NA,210.0,3702,NA,NA,NA,NA,NA,NA,NA
Columbina talpacoti,NA,46.04,1205,NA,NA,NA,NA,NA,NA,NA
Campylorhynchus megalopterus,NA,33.1,1445,NA,NA,NA,NA,NA,NA,NA
Passerina caerulea,NA,27.39,3474,NA,NA,NA,NA,NA,NA,NA
Peucaea mystacalis,NA,0.0,2186,NA,NA,NA,NA,NA,NA,NA
Tyrannus melancholicus,NA,37.4,6598,NA,NA,NA,NA,NA,NA,NA
Phalacrocorax brasilianus,NA,1239.29,2731,NA,NA,NA,NA,NA,NA,NA
Buteogallus anthracinus,NA,975.09,649,NA,NA,NA,NA,NA,NA,NA
Egretta rufescens,NA,614.0,984,NA,NA,NA,NA,NA,NA,NA
Setophaga nigrescens,NA,0.0,1454,NA,NA,NA,NA,NA,NA,NA
Certhia americana,NA,8.1,1123,NA,NA,NA,NA,NA,NA,NA
Thalasseus sandvicensis,NA,0.0,322,NA,NA,NA,NA,NA,NA,NA
Empidonax sp.,NA,0.0,1142,NA,NA,NA,NA,NA,NA,NA
Loxia curvirostra,NA,38.29,587,NA,NA,NA,NA,NA,NA,NA
Podilymbus podiceps,NA,411.93,539,NA,NA,NA,NA,NA,NA,NA
Basileuterus belli,NA,10.7,1612,NA,NA,NA,NA,NA,NA,NA
Myiozetetes similis,NA,28.0,6005,NA,NA,NA,NA,NA,NA,NA
Calidris canutus,NA,141.87,100,NA,NA,NA,NA,NA,NA,NA
Calidris mauri,NA,27.82,372,NA,NA,NA,NA,NA,NA,NA
Spatula clypeata,NA,0.0,725,NA,NA,NA,NA,NA,NA,NA
Arremonops rufivirgatus,NA,22.43,872,NA,NA,NA,NA,NA,NA,NA
Spinus psaltria,NA,0.0,7126,NA,NA,NA,NA,NA,NA,NA
Toxostoma ocellatum,NA,84.29,843,NA,NA,NA,NA,NA,NA,NA
Aimophila notosticta,NA,27.1,965,NA,NA,NA,NA,NA,NA,NA
Chloroceryle aenea,NA,13.75,16,NA,NA,NA,NA,NA,NA,NA
Dryobates scalaris,NA,0.0,2324,NA,NA,NA,NA,NA,NA,NA
Catharus sp.,NA,0.0,62,NA,NA,NA,NA,NA,NA,NA
Polioptila albiloris,NA,6.26,2164,NA,NA,NA,NA,NA,NA,NA
Melanerpes aurifrons,NA,80.77,2712,NA,NA,NA,NA,NA,NA,NA
Tringa semipalmata,NA,0.0,671,NA,NA,NA,NA,NA,NA,NA
Icteria virens,NA,24.89,602,NA,NA,NA,NA,NA,NA,NA
Tyrannus forficatus,NA,39.3,1258,NA,NA,NA,NA,NA,NA,NA
Icterus pustulatus,NA,36.78,3009,NA,NA,NA,NA,NA,NA,NA
Streptoprocne zonaris,NA,86.79,1011,NA,NA,NA,NA,NA,NA,NA
Pelecanus occidentalis,NA,3427.84,1740,NA,NA,NA,NA,NA,NA,NA
Progne chalybea,NA,42.9,1799,NA,NA,NA,NA,NA,NA,NA
Fregata magnificens,NA,1490.52,2443,NA,NA,NA,NA,NA,NA,NA
Heliomaster constantii,NA,7.3,597,NA,NA,NA,NA,NA,NA,NA
Eupsittula canicularis,NA,0.0,2475,NA,NA,NA,NA,NA,NA,NA
Piranga flava,NA,37.7,1578,NA,NA,NA,NA,NA,NA,NA
Contopus sordidulus,NA,13.1,1422,NA,NA,NA,NA,NA,NA,NA
Volatinia jacarina,NA,9.94,971,NA,NA,NA,NA,NA,NA,NA
Anabacerthia variegaticeps,NA,27.8,194,NA,NA,NA,NA,NA,NA,NA
Cyanolyca mirabilis,NA,52.4,97,NA,NA,NA,NA,NA,NA,NA
Lanius ludovicianus,NA,51.59,960,NA,NA,NA,NA,NA,NA,NA
Sturnella magna,NA,91.76,680,NA,NA,NA,NA,NA,NA,NA
Egretta tricolor,NA,372.3,1366,NA,NA,NA,NA,NA,NA,NA
Nyctanassa violacea,NA,681.67,489,NA,NA,NA,NA,NA,NA,NA
Ardea herodias,NA,2523.41,1774,NA,NA,NA,NA,NA,NA,NA
Icterus parisorum,NA,36.48,506,NA,NA,NA,NA,NA,NA,NA
Passeriformes sp.,NA,0.0,106,NA,NA,NA,NA,NA,NA,NA
Megascops cooperi,NA,149.94,196,NA,NA,NA,NA,NA,NA,NA
Turdus grayi,NA,79.5,4195,NA,NA,NA,NA,NA,NA,NA
Piaya cayana,NA,101.98,1476,NA,NA,NA,NA,NA,NA,NA
Passerellidae sp. (sparrow sp.),NA,0.0,84,NA,NA,NA,NA,NA,NA,NA
Euphonia elegantissima,NA,15.0,1522,NA,NA,NA,NA,NA,NA,NA
Synallaxis erythrothorax,NA,17.1,269,NA,NA,NA,NA,NA,NA,NA
Pachysylvia decurtata,NA,0.0,348,NA,NA,NA,NA,NA,NA,NA
Setophaga ruticilla,NA,8.24,1137,NA,NA,NA,NA,NA,NA,NA
Phaethornis striigularis,NA,3.0,359,NA,NA,NA,NA,NA,NA,NA
Eupherusa eximia,NA,4.3,119,NA,NA,NA,NA,NA,NA,NA
Contopus cooperi,NA,32.1,238,NA,NA,NA,NA,NA,NA,NA
Geothlypis tolmiei,NA,0.0,2101,NA,NA,NA,NA,NA,NA,NA
Myiobius sulphureipygius,NA,11.64,49,NA,NA,NA,NA,NA,NA,NA
Cyanocompsa parellina,NA,15.64,980,NA,NA,NA,NA,NA,NA,NA
Icterus abeillei,NA,33.0,106,NA,NA,NA,NA,NA,NA,NA
Momotus mexicanus,NA,75.7,1674,NA,NA,NA,NA,NA,NA,NA
Cynanthus latirostris,NA,3.1,1899,NA,NA,NA,NA,NA,NA,NA
Myiarchus cinerascens,NA,28.2,1675,NA,NA,NA,NA,NA,NA,NA
Pluvialis squatarola,NA,250.0,398,NA,NA,NA,NA,NA,NA,NA
Empidonax fulvifrons,NA,7.9,63,NA,NA,NA,NA,NA,NA,NA
Cardinalis cardinalis,NA,42.64,1102,NA,NA,NA,NA,NA,NA,NA
Chloroceryle americana,NA,33.73,1063,NA,NA,NA,NA,NA,NA,NA
Camptostoma imberbe,NA,7.4,2010,NA,NA,NA,NA,NA,NA,NA
Myiopagis viridicata,NA,11.51,1419,NA,NA,NA,NA,NA,NA,NA
Antrostomus arizonae,NA,0.0,371,NA,NA,NA,NA,NA,NA,NA
Anhinga anhinga,NA,1235.0,380,NA,NA,NA,NA,NA,NA,NA
Jacana spinosa,NA,94.0,923,NA,NA,NA,NA,NA,NA,NA
Himantopus mexicanus,NA,176.82,1431,NA,NA,NA,NA,NA,NA,NA
Egretta thula,NA,371.0,3158,NA,NA,NA,NA,NA,NA,NA
Apodidae sp.,NA,0.0,122,NA,NA,NA,NA,NA,NA,NA
Icterus graduacauda,NA,42.2,1108,NA,NA,NA,NA,NA,NA,NA
Tigrisoma mexicanum,NA,1154.38,171,NA,NA,NA,NA,NA,NA,NA
Vireo hypochryseus,NA,12.2,2448,NA,NA,NA,NA,NA,NA,NA
Hylocichla mustelina,NA,50.09,228,NA,NA,NA,NA,NA,NA,NA
Setophaga citrina,NA,0.0,481,NA,NA,NA,NA,NA,NA,NA
Empidonax flaviventris,NA,11.8,397,NA,NA,NA,NA,NA,NA,NA
Vermivora cyanoptera,NA,0.0,122,NA,NA,NA,NA,NA,NA,NA
Vireo griseus,NA,11.4,386,NA,NA,NA,NA,NA,NA,NA
Dives dives,NA,91.32,1831,NA,NA,NA,NA,NA,NA,NA
Ardea alba,NA,0.0,3801,NA,NA,NA,NA,NA,NA,NA
Momotus lessonii,NA,0.0,460,NA,NA,NA,NA,NA,NA,NA
Falco rufigularis,NA,163.64,214,NA,NA,NA,NA,NA,NA,NA
Pseudastur albicollis,NA,0.0,169,NA,NA,NA,NA,NA,NA,NA
Formicarius analis,NA,62.19,146,NA,NA,NA,NA,NA,NA,NA
Tachycineta albilinea,NA,16.7,890,NA,NA,NA,NA,NA,NA,NA
Ramphocelus sanguinolentus,NA,41.0,450,NA,NA,NA,NA,NA,NA,NA
Panyptila cayennensis,NA,21.1,33,NA,NA,NA,NA,NA,NA,NA
Pachyramphus major,NA,24.8,179,NA,NA,NA,NA,NA,NA,NA
Sterna hirundo,NA,129.15,129,NA,NA,NA,NA,NA,NA,NA
Amazilia rutila,NA,5.24,1506,NA,NA,NA,NA,NA,NA,NA
Icterus sp.,NA,0.0,299,NA,NA,NA,NA,NA,NA,NA
Icterus bullockii,NA,37.9,2841,NA,NA,NA,NA,NA,NA,NA
Xenotriccus mexicanus,NA,13.8,845,NA,NA,NA,NA,NA,NA,NA
Streptoprocne rutila,NA,20.2,337,NA,NA,NA,NA,NA,NA,NA
Pandion haliaetus,NA,1483.2,1290,NA,NA,NA,NA,NA,NA,NA
Psarocolius montezuma,NA,309.87,818,NA,NA,NA,NA,NA,NA,NA
Leucophaeus pipixcan,NA,0.0,336,NA,NA,NA,NA,NA,NA,NA
Setophaga pitiayumi,NA,0.0,276,NA,NA,NA,NA,NA,NA,NA
Empidonax wrightii,NA,12.3,265,NA,NA,NA,NA,NA,NA,NA
Pionus senilis,NA,212.0,280,NA,NA,NA,NA,NA,NA,NA
Hylocharis eliciae,NA,3.6,10,NA,NA,NA,NA,NA,NA,NA
Pheucticus ludovicianus,NA,42.0,1132,NA,NA,NA,NA,NA,NA,NA
Gallinula galeata,NA,0.0,503,NA,NA,NA,NA,NA,NA,NA
Nyctidromus albicollis,NA,57.84,435,NA,NA,NA,NA,NA,NA,NA
Charadrius vociferus,NA,96.44,996,NA,NA,NA,NA,NA,NA,NA
Dendrocincla anabatina,NA,34.21,68,NA,NA,NA,NA,NA,NA,NA
Sporophila morelleti/torqueola,NA,0.0,95,NA,NA,NA,NA,NA,NA,NA
Sporophila morelleti,NA,0.0,894,NA,NA,NA,NA,NA,NA,NA
Vireo flavoviridis,NA,17.59,596,NA,NA,NA,NA,NA,NA,NA
Xiphorhynchus flavigaster,NA,46.19,1285,NA,NA,NA,NA,NA,NA,NA
Selasphorus platycercus,NA,3.54,222,NA,NA,NA,NA,NA,NA,NA
Tinamus major,NA,1026.21,48,NA,NA,NA,NA,NA,NA,NA
Setophaga graciae,NA,0.0,226,NA,NA,NA,NA,NA,NA,NA
Sialia sialis,NA,27.5,203,NA,NA,NA,NA,NA,NA,NA
Colinus virginianus,NA,171.89,313,NA,NA,NA,NA,NA,NA,NA
Cyanoloxia cyanoides,NA,0.0,158,NA,NA,NA,NA,NA,NA,NA
Tringa incana,NA,0.0,20,NA,NA,NA,NA,NA,NA,NA
Turdus infuscatus,NA,72.4,409,NA,NA,NA,NA,NA,NA,NA
Thraupis episcopus,NA,35.0,855,NA,NA,NA,NA,NA,NA,NA
Euphonia gouldi,NA,14.0,121,NA,NA,NA,NA,NA,NA,NA
Psilorhinus morio,NA,0.0,1284,NA,NA,NA,NA,NA,NA,NA
Icterus pectoralis,NA,46.5,700,NA,NA,NA,NA,NA,NA,NA
Sporophila torqueola,NA,8.7,2994,NA,NA,NA,NA,NA,NA,NA
Aulacorhynchus prasinus,NA,170.56,913,NA,NA,NA,NA,NA,NA,NA
Phaethon aethereus,NA,749.99,126,NA,NA,NA,NA,NA,NA,NA
Limnodromus scolopaceus,NA,104.4,83,NA,NA,NA,NA,NA,NA,NA
Xiphorhynchus erythropygius,NA,46.8,131,NA,NA,NA,NA,NA,NA,NA
Psittacara holochlorus,NA,0.0,195,NA,NA,NA,NA,NA,NA,NA
Peucaea ruficauda,NA,0.0,933,NA,NA,NA,NA,NA,NA,NA
Elaenia flavogaster,NA,24.8,218,NA,NA,NA,NA,NA,NA,NA
Peucaea sumichrasti,NA,0.0,659,NA,NA,NA,NA,NA,NA,NA
Geothlypis poliocephala,NA,14.6,275,NA,NA,NA,NA,NA,NA,NA
Chlorostilbon canivetii,NA,2.61,239,NA,NA,NA,NA,NA,NA,NA
Trochilidae sp.,NA,0.0,955,NA,NA,NA,NA,NA,NA,NA
Euphagus cyanocephalus,NA,62.48,22,NA,NA,NA,NA,NA,NA,NA
Chordeiles sp.,NA,0.0,15,NA,NA,NA,NA,NA,NA,NA
Caryothraustes poliogaster,NA,41.8,227,NA,NA,NA,NA,NA,NA,NA
Saltator maximus,NA,47.62,321,NA,NA,NA,NA,NA,NA,NA
Henicorhina leucosticta,NA,14.18,466,NA,NA,NA,NA,NA,NA,NA
Trogon massena,NA,141.0,79,NA,NA,NA,NA,NA,NA,NA
Catharus ustulatus,NA,30.3,522,NA,NA,NA,NA,NA,NA,NA
Spizella atrogularis,NA,11.3,12,NA,NA,NA,NA,NA,NA,NA
Vireo cassinii/plumbeus,NA,0.0,42,NA,NA,NA,NA,NA,NA,NA
Amazilia violiceps,NA,5.1,241,NA,NA,NA,NA,NA,NA,NA
Glaucidium palmarum,NA,45.7,520,NA,NA,NA,NA,NA,NA,NA
Mycteria americana,NA,2554.47,834,NA,NA,NA,NA,NA,NA,NA
Zentrygon albifacies,NA,0.0,289,NA,NA,NA,NA,NA,NA,NA
Piranga bidentata,NA,36.07,428,NA,NA,NA,NA,NA,NA,NA
Sula nebouxii,NA,1520.09,129,NA,NA,NA,NA,NA,NA,NA
Deltarhynchus flammulatus,NA,17.2,261,NA,NA,NA,NA,NA,NA,NA
Trogon collaris,NA,65.43,555,NA,NA,NA,NA,NA,NA,NA
Riparia riparia,NA,12.68,122,NA,NA,NA,NA,NA,NA,NA
Onychorhynchus coronatus,NA,14.0,36,NA,NA,NA,NA,NA,NA,NA
Parkesia noveboracensis,NA,0.0,477,NA,NA,NA,NA,NA,NA,NA
Cardellina rubra,NA,0.0,2492,NA,NA,NA,NA,NA,NA,NA
Euphonia hirundinacea,NA,14.0,575,NA,NA,NA,NA,NA,NA,NA
Sporophila funerea,NA,0.0,94,NA,NA,NA,NA,NA,NA,NA
Tyrannus melancholicus/couchii,NA,0.0,160,NA,NA,NA,NA,NA,NA,NA
Patagioenas flavirostris,NA,270.81,973,NA,NA,NA,NA,NA,NA,NA
Piranga sp.,NA,0.0,31,NA,NA,NA,NA,NA,NA,NA
Nycticorax nycticorax,NA,810.0,428,NA,NA,NA,NA,NA,NA,NA
Aimophila rufescens,NA,34.3,611,NA,NA,NA,NA,NA,NA,NA
Microrhopias quixensis,NA,7.9,6,NA,NA,NA,NA,NA,NA,NA
Ramphocelus passerinii,NA,32.0,35,NA,NA,NA,NA,NA,NA,NA
Geothlypis nelsoni,NA,11.0,148,NA,NA,NA,NA,NA,NA,NA
Colaptes rubiginosus,NA,55.79,309,NA,NA,NA,NA,NA,NA,NA
Catharus guttatus,NA,30.1,1144,NA,NA,NA,NA,NA,NA,NA
Hydroprogne caspia,NA,0.0,461,NA,NA,NA,NA,NA,NA,NA
Calidris alba,NA,51.71,269,NA,NA,NA,NA,NA,NA,NA
Rhynchocyclus brevirostris,NA,24.3,129,NA,NA,NA,NA,NA,NA,NA
Setophaga virens,NA,0.0,1239,NA,NA,NA,NA,NA,NA,NA
Hirundinidae sp.,NA,0.0,316,NA,NA,NA,NA,NA,NA,NA
Megaceryle torquata,NA,317.0,618,NA,NA,NA,NA,NA,NA,NA
Chiroxiphia linearis,NA,17.44,41,NA,NA,NA,NA,NA,NA,NA
Tolmomyias sulphurescens,NA,14.3,361,NA,NA,NA,NA,NA,NA,NA
Ramphastos sulfuratus,NA,409.69,791,NA,NA,NA,NA,NA,NA,NA
Rhytipterna holerythra,NA,36.8,14,NA,NA,NA,NA,NA,NA,NA
Geranoaetus albicaudatus,NA,0.0,817,NA,NA,NA,NA,NA,NA,NA
Lanio aurantius,NA,35.0,54,NA,NA,NA,NA,NA,NA,NA
Tringa solitaria,NA,48.4,220,NA,NA,NA,NA,NA,NA,NA
Peucaea botterii,NA,0.0,225,NA,NA,NA,NA,NA,NA,NA
Granatellus venustus,NA,10.8,512,NA,NA,NA,NA,NA,NA,NA
Dumetella carolinensis,NA,35.3,394,NA,NA,NA,NA,NA,NA,NA
Chloroceryle amazona,NA,126.38,320,NA,NA,NA,NA,NA,NA,NA
Thalasseus elegans,NA,0.0,370,NA,NA,NA,NA,NA,NA,NA
Catharus mexicanus,NA,33.0,158,NA,NA,NA,NA,NA,NA,NA
Oceanodroma microsoma,NA,0.0,101,NA,NA,NA,NA,NA,NA,NA
Vireo cassinii/solitarius,NA,0.0,31,NA,NA,NA,NA,NA,NA,NA
Ardenna creatopus,NA,0.0,128,NA,NA,NA,NA,NA,NA,NA
Plegadis chihi,NA,616.89,329,NA,NA,NA,NA,NA,NA,NA
Limosa fedoa,NA,357.02,288,NA,NA,NA,NA,NA,NA,NA
Pheugopedius felix,NA,0.0,1125,NA,NA,NA,NA,NA,NA,NA
Vireo solitarius,NA,15.3,1118,NA,NA,NA,NA,NA,NA,NA
Attila spadiceus,NA,39.1,354,NA,NA,NA,NA,NA,NA,NA
Amazona autumnalis,NA,416.0,557,NA,NA,NA,NA,NA,NA,NA
Vireo flavifrons,NA,18.0,153,NA,NA,NA,NA,NA,NA,NA
Passerina rositae,NA,20.0,535,NA,NA,NA,NA,NA,NA,NA
Spizaetus tyrannus,NA,1007.11,119,NA,NA,NA,NA,NA,NA,NA
Charadrius semipalmatus,NA,46.74,470,NA,NA,NA,NA,NA,NA,NA
Ardenna pacifica,NA,0.0,264,NA,NA,NA,NA,NA,NA,NA
Falco columbarius,NA,188.5,176,NA,NA,NA,NA,NA,NA,NA
Circus hudsonius,NA,0.0,548,NA,NA,NA,NA,NA,NA,NA
Tyrannus couchii,NA,39.0,261,NA,NA,NA,NA,NA,NA,NA
Trogon melanocephalus,NA,85.1,215,NA,NA,NA,NA,NA,NA,NA
Passerina amoena,NA,15.49,99,NA,NA,NA,NA,NA,NA,NA
Cyanocorax yncas,NA,78.5,625,NA,NA,NA,NA,NA,NA,NA
Sitta pygmaea,NA,10.6,3,NA,NA,NA,NA,NA,NA,NA
Columbidae sp.,NA,0.0,42,NA,NA,NA,NA,NA,NA,NA
Calothorax lucifer,NA,3.3,7,NA,NA,NA,NA,NA,NA,NA
Amazilia tzacatl,NA,4.79,609,NA,NA,NA,NA,NA,NA,NA
Micrastur semitorquatus,NA,621.68,406,NA,NA,NA,NA,NA,NA,NA
Cercomacroides tyrannina,NA,0.0,50,NA,NA,NA,NA,NA,NA,NA
Setophaga magnolia,NA,0.0,821,NA,NA,NA,NA,NA,NA,NA
Passerina versicolor,NA,12.89,399,NA,NA,NA,NA,NA,NA,NA
Lepidocolaptes affinis,NA,34.99,980,NA,NA,NA,NA,NA,NA,NA
Dactylortyx thoracicus,NA,201.75,3,NA,NA,NA,NA,NA,NA,NA
Psittaciformes sp. (parrot sp.),NA,0.0,62,NA,NA,NA,NA,NA,NA,NA
Amblycercus holosericeus,NA,70.42,266,NA,NA,NA,NA,NA,NA,NA
Todirostrum cinereum,NA,6.29,37,NA,NA,NA,NA,NA,NA,NA
Myiarchus crinitus,NA,32.1,110,NA,NA,NA,NA,NA,NA,NA
Pelecanus erythrorhynchos,NA,5608.48,846,NA,NA,NA,NA,NA,NA,NA
Buteo plagiatus,NA,0.0,2082,NA,NA,NA,NA,NA,NA,NA
Vireo atricapilla,NA,8.99,33,NA,NA,NA,NA,NA,NA,NA
Arremon aurantiirostris,NA,34.5,94,NA,NA,NA,NA,NA,NA,NA
Amazilia candida,NA,3.8,522,NA,NA,NA,NA,NA,NA,NA
Habia fuscicauda,NA,36.84,462,NA,NA,NA,NA,NA,NA,NA
Alcedinidae sp.,NA,0.0,11,NA,NA,NA,NA,NA,NA,NA
Vireo bellii,NA,8.5,807,NA,NA,NA,NA,NA,NA,NA
Aphelocoma unicolor,NA,124.0,540,NA,NA,NA,NA,NA,NA,NA
Thraupis abbas,NA,45.0,1168,NA,NA,NA,NA,NA,NA,NA
Calidris himantopus,NA,57.24,117,NA,NA,NA,NA,NA,NA,NA
Buteo swainsoni,NA,946.61,324,NA,NA,NA,NA,NA,NA,NA
Parabuteo unicinctus,NA,850.28,49,NA,NA,NA,NA,NA,NA,NA
Parkesia motacilla,NA,0.0,567,NA,NA,NA,NA,NA,NA,NA
Campylopterus curvipennis,NA,6.0,146,NA,NA,NA,NA,NA,NA,NA
Trogon caligatus,NA,46.5,497,NA,NA,NA,NA,NA,NA,NA
Myiodynastes luteiventris,NA,46.9,693,NA,NA,NA,NA,NA,NA,NA
Gallinago delicata,NA,0.0,128,NA,NA,NA,NA,NA,NA,NA
Petrochelidon pyrrhonota,NA,21.6,496,NA,NA,NA,NA,NA,NA,NA
Podiceps nigricollis,NA,412.44,113,NA,NA,NA,NA,NA,NA,NA
Puffinus subalaris,NA,0.0,181,NA,NA,NA,NA,NA,NA,NA
Oncostoma cinereigulare,NA,6.4,220,NA,NA,NA,NA,NA,NA,NA
Empidonax traillii,NA,13.39,275,NA,NA,NA,NA,NA,NA,NA
Crax rubra,NA,4133.0,20,NA,NA,NA,NA,NA,NA,NA
Cardellina canadensis,NA,0.0,67,NA,NA,NA,NA,NA,NA,NA
Mimus gilvus,NA,51.99,611,NA,NA,NA,NA,NA,NA,NA
Trogon sp.,NA,0.0,43,NA,NA,NA,NA,NA,NA,NA
Empidonax difficilis,NA,10.7,325,NA,NA,NA,NA,NA,NA,NA
Piranga erythrocephala,NA,21.8,557,NA,NA,NA,NA,NA,NA,NA
Chordeiles minor,NA,79.3,37,NA,NA,NA,NA,NA,NA,NA
Eupherusa cyanophrys,NA,4.8,595,NA,NA,NA,NA,NA,NA,NA
Elanus leucurus,NA,346.0,1144,NA,NA,NA,NA,NA,NA,NA
Arenaria interpres,NA,135.98,296,NA,NA,NA,NA,NA,NA,NA
Strigiformes sp.,NA,0.0,9,NA,NA,NA,NA,NA,NA,NA
Campylorhynchus zonatus,NA,34.6,702,NA,NA,NA,NA,NA,NA,NA
Setophaga pensylvanica,NA,0.0,100,NA,NA,NA,NA,NA,NA,NA
Peucaea humeralis,NA,0.0,8,NA,NA,NA,NA,NA,NA,NA
Panyptila sanctihieronymi,NA,48.1,43,NA,NA,NA,NA,NA,NA,NA
Sternula antillarum,NA,0.0,198,NA,NA,NA,NA,NA,NA,NA
Pteroglossus torquatus,NA,219.07,294,NA,NA,NA,NA,NA,NA,NA
Pyrilia haematotis,NA,149.0,129,NA,NA,NA,NA,NA,NA,NA
Crypturellus cinnamomeus,NA,422.0,142,NA,NA,NA,NA,NA,NA,NA
Thamnophilus doliatus,NA,27.03,332,NA,NA,NA,NA,NA,NA,NA
Dendrocincla homochroa,NA,39.43,28,NA,NA,NA,NA,NA,NA,NA
Coccyzus minor,NA,63.89,107,NA,NA,NA,NA,NA,NA,NA
Coccothraustes vespertinus,NA,57.3,18,NA,NA,NA,NA,NA,NA,NA
Progne sp.,NA,0.0,18,NA,NA,NA,NA,NA,NA,NA
Molothrus oryzivorus,NA,181.85,27,NA,NA,NA,NA,NA,NA,NA
Pheugopedius maculipectus,NA,0.0,924,NA,NA,NA,NA,NA,NA,NA
Euphonia affinis,NA,10.0,1154,NA,NA,NA,NA,NA,NA,NA
Laterallus ruber,NA,44.4,53,NA,NA,NA,NA,NA,NA,NA
Sayornis phoebe,NA,19.7,62,NA,NA,NA,NA,NA,NA,NA
Claravis pretiosa,NA,68.2,220,NA,NA,NA,NA,NA,NA,NA
Basileuterus lachrymosus,NA,0.0,342,NA,NA,NA,NA,NA,NA,NA
Columbina minuta,NA,32.59,38,NA,NA,NA,NA,NA,NA,NA
Molothrus ater,NA,40.26,485,NA,NA,NA,NA,NA,NA,NA
Porzana carolina,NA,74.8,180,NA,NA,NA,NA,NA,NA,NA
Anthracothorax prevostii,NA,6.4,146,NA,NA,NA,NA,NA,NA,NA
Sitta carolinensis,NA,21.0,275,NA,NA,NA,NA,NA,NA,NA
Polioptila plumbea,NA,6.0,50,NA,NA,NA,NA,NA,NA,NA
Spiza americana,NA,26.18,333,NA,NA,NA,NA,NA,NA,NA
Setophaga americana,NA,0.0,453,NA,NA,NA,NA,NA,NA,NA
Passerculus sandwichensis,NA,19.97,178,NA,NA,NA,NA,NA,NA,NA
Basileuterus culicivorus,NA,10.5,784,NA,NA,NA,NA,NA,NA,NA
Psittaciformes sp. (parakeet sp.),NA,0.0,32,NA,NA,NA,NA,NA,NA,NA
Sporophila minuta,NA,7.8,198,NA,NA,NA,NA,NA,NA,NA
Sterninae sp.,NA,0.0,130,NA,NA,NA,NA,NA,NA,NA
Chlorostilbon auriceps,NA,2.61,282,NA,NA,NA,NA,NA,NA,NA
Oceanodroma melania,NA,61.5,135,NA,NA,NA,NA,NA,NA,NA
Rynchops niger,NA,297.73,293,NA,NA,NA,NA,NA,NA,NA
Tyto alba,NA,403.32,152,NA,NA,NA,NA,NA,NA,NA
Pheucticus chrysopeplus,NA,77.6,88,NA,NA,NA,NA,NA,NA,NA
Charadrius wilsonia,NA,55.1,88,NA,NA,NA,NA,NA,NA,NA
Burhinus bistriatus,NA,787.0,315,NA,NA,NA,NA,NA,NA,NA
Chlidonias niger,NA,65.3,311,NA,NA,NA,NA,NA,NA,NA
Lepidocolaptes souleyetii,NA,25.7,192,NA,NA,NA,NA,NA,NA,NA
Amazona oratrix,NA,476.94,96,NA,NA,NA,NA,NA,NA,NA
Phainopepla nitens,NA,22.1,9,NA,NA,NA,NA,NA,NA,NA
Vermivora chrysoptera,NA,8.74,8,NA,NA,NA,NA,NA,NA,NA
Melozone kieneri,NA,38.7,85,NA,NA,NA,NA,NA,NA,NA
Lampornis viridipallens,NA,5.33,5,NA,NA,NA,NA,NA,NA,NA
Buteogallus urubitinga,NA,1152.87,129,NA,NA,NA,NA,NA,NA,NA
Picidae sp.,NA,0.0,77,NA,NA,NA,NA,NA,NA,NA
Fregata sp.,NA,0.0,2,NA,NA,NA,NA,NA,NA,NA
Aramus guarauna,NA,1080.0,263,NA,NA,NA,NA,NA,NA,NA
Phaethornis mexicanus,NA,0.0,179,NA,NA,NA,NA,NA,NA,NA
Heliomaster longirostris,NA,6.6,253,NA,NA,NA,NA,NA,NA,NA
Cistothorus palustris,NA,10.8,33,NA,NA,NA,NA,NA,NA,NA
Patagioenas speciosa,NA,258.47,22,NA,NA,NA,NA,NA,NA,NA
Agelaius phoeniceus,NA,50.78,436,NA,NA,NA,NA,NA,NA,NA
Icterus prosthemelas,NA,27.95,203,NA,NA,NA,NA,NA,NA,NA
Vireo cassinii/solitarius/plumbeus,NA,0.0,54,NA,NA,NA,NA,NA,NA,NA
Crypturellus soui,NA,216.16,93,NA,NA,NA,NA,NA,NA,NA
Glaucidium griseiceps,NA,50.58,62,NA,NA,NA,NA,NA,NA,NA
Hylorchilus sumichrasti,NA,28.4,197,NA,NA,NA,NA,NA,NA,NA
Pulsatrix perspicillata,NA,983.55,16,NA,NA,NA,NA,NA,NA,NA
Galbula ruficauda,NA,26.5,17,NA,NA,NA,NA,NA,NA,NA
Leiothlypis peregrina,NA,0.0,685,NA,NA,NA,NA,NA,NA,NA
Buteo sp.,NA,0.0,49,NA,NA,NA,NA,NA,NA,NA
Tunchiornis ochraceiceps,NA,0.0,26,NA,NA,NA,NA,NA,NA,NA
Contopus cinereus,NA,11.6,82,NA,NA,NA,NA,NA,NA,NA
Amazilia sp.,NA,0.0,32,NA,NA,NA,NA,NA,NA,NA
Taraba major,NA,59.2,19,NA,NA,NA,NA,NA,NA,NA
Regulus satrapa,NA,6.19,92,NA,NA,NA,NA,NA,NA,NA
Cyclarhis gujanensis,NA,28.8,210,NA,NA,NA,NA,NA,NA,NA
Ridgwayia pinicola,NA,0.0,174,NA,NA,NA,NA,NA,NA,NA
Tachycineta bicolor,NA,21.2,76,NA,NA,NA,NA,NA,NA,NA
Selasphorus sp.,NA,0.0,29,NA,NA,NA,NA,NA,NA,NA
Ramphocaenus melanurus,NA,9.7,163,NA,NA,NA,NA,NA,NA,NA
Penelope purpurascens,NA,2060.0,248,NA,NA,NA,NA,NA,NA,NA
Ortalis sp.,NA,0.0,9,NA,NA,NA,NA,NA,NA,NA
Glyphorynchus spirurus,NA,14.6,37,NA,NA,NA,NA,NA,NA,NA
Dryobates fumigatus,NA,0.0,117,NA,NA,NA,NA,NA,NA,NA
Troglodytidae sp.,NA,0.0,35,NA,NA,NA,NA,NA,NA,NA
Sittasomus griseicapillus,NA,13.12,363,NA,NA,NA,NA,NA,NA,NA
Amazona sp.,NA,0.0,77,NA,NA,NA,NA,NA,NA,NA
Leiothlypis crissalis,NA,0.0,13,NA,NA,NA,NA,NA,NA,NA
Nyctibius jamaicensis,NA,266.04,121,NA,NA,NA,NA,NA,NA,NA
Porphyrio martinica,NA,235.06,120,NA,NA,NA,NA,NA,NA,NA
Platalea ajaja,NA,1490.0,776,NA,NA,NA,NA,NA,NA,NA
Empidonax difficilis/occidentalis,NA,0.0,158,NA,NA,NA,NA,NA,NA,NA
Botaurus pinnatus,NA,812.16,11,NA,NA,NA,NA,NA,NA,NA
Aramides albiventris,NA,0.0,42,NA,NA,NA,NA,NA,NA,NA
Melanerpes pucherani,NA,62.4,66,NA,NA,NA,NA,NA,NA,NA
Empidonax alnorum,NA,12.7,17,NA,NA,NA,NA,NA,NA,NA
Charadrius collaris,NA,28.3,279,NA,NA,NA,NA,NA,NA,NA
Setophaga tigrina,NA,0.0,6,NA,NA,NA,NA,NA,NA,NA
Habia rubica,NA,32.46,432,NA,NA,NA,NA,NA,NA,NA
Helmitheros vermivorum,NA,14.16,75,NA,NA,NA,NA,NA,NA,NA
Empidonax albigularis,NA,9.58,118,NA,NA,NA,NA,NA,NA,NA
Geranospiza caerulescens,NA,302.5,183,NA,NA,NA,NA,NA,NA,NA
Amazilia cyanocephala,NA,5.1,438,NA,NA,NA,NA,NA,NA,NA
Rostrhamus sociabilis,NA,366.94,156,NA,NA,NA,NA,NA,NA,NA
Colaptes auricularis,NA,65.4,202,NA,NA,NA,NA,NA,NA,NA
Xenops minutus,NA,10.6,80,NA,NA,NA,NA,NA,NA,NA
Phalaropus fulicarius,NA,55.59,71,NA,NA,NA,NA,NA,NA,NA
Charadrius nivosus,NA,0.0,185,NA,NA,NA,NA,NA,NA,NA
Gelochelidon nilotica,NA,0.0,246,NA,NA,NA,NA,NA,NA,NA
Patagioenas nigrirostris,NA,176.0,158,NA,NA,NA,NA,NA,NA,NA
Larus argentatus,NA,1090.99,26,NA,NA,NA,NA,NA,NA,NA
Uropsila leucogastra,NA,9.03,119,NA,NA,NA,NA,NA,NA,NA
Odontophorus guttatus,NA,303.83,108,NA,NA,NA,NA,NA,NA,NA
Campylopterus hemileucurus,NA,9.72,152,NA,NA,NA,NA,NA,NA,NA
Xema sabini,NA,198.0,77,NA,NA,NA,NA,NA,NA,NA
Setophaga dominica,NA,0.0,173,NA,NA,NA,NA,NA,NA,NA
Automolus ochrolaemus,NA,40.2,111,NA,NA,NA,NA,NA,NA,NA
Contopus sordidulus/virens,NA,0.0,84,NA,NA,NA,NA,NA,NA,NA
Tityra inquisitor,NA,43.1,117,NA,NA,NA,NA,NA,NA,NA
Stercorarius parasiticus,NA,444.31,35,NA,NA,NA,NA,NA,NA,NA
Ciccaba nigrolineata,NA,0.0,15,NA,NA,NA,NA,NA,NA,NA
Piranga leucoptera,NA,16.0,273,NA,NA,NA,NA,NA,NA,NA
Megascops guatemalae,NA,118.0,75,NA,NA,NA,NA,NA,NA,NA
Tapera naevia,NA,48.42,13,NA,NA,NA,NA,NA,NA,NA
Oriturus superciliosus,NA,41.4,3,NA,NA,NA,NA,NA,NA,NA
Buteo platypterus,NA,453.65,604,NA,NA,NA,NA,NA,NA,NA
Bolborhynchus lineola,NA,56.2,61,NA,NA,NA,NA,NA,NA,NA
Cotinga amabilis,NA,71.49,8,NA,NA,NA,NA,NA,NA,NA
Psarocolius wagleri,NA,155.5,113,NA,NA,NA,NA,NA,NA,NA
Asio clamator,NA,0.0,18,NA,NA,NA,NA,NA,NA,NA
Vireo pallens,NA,11.0,74,NA,NA,NA,NA,NA,NA,NA
Turdus sp.,NA,0.0,76,NA,NA,NA,NA,NA,NA,NA
Micrastur ruficollis,NA,177.64,129,NA,NA,NA,NA,NA,NA,NA
Coccyzus americanus,NA,64.0,57,NA,NA,NA,NA,NA,NA,NA
Ictinia mississippiensis,NA,276.03,59,NA,NA,NA,NA,NA,NA,NA
Tinamidae sp.,NA,0.0,1,NA,NA,NA,NA,NA,NA,NA
Myadestes unicolor,NA,37.9,576,NA,NA,NA,NA,NA,NA,NA
Leptotila plumbeiceps,NA,170.0,101,NA,NA,NA,NA,NA,NA,NA
Atlapetes albinucha,NA,33.84,199,NA,NA,NA,NA,NA,NA,NA
Contopus sp.,NA,0.0,100,NA,NA,NA,NA,NA,NA,NA
Chlorophanes spiza,NA,19.0,33,NA,NA,NA,NA,NA,NA,NA
Saltator sp.,NA,0.0,6,NA,NA,NA,NA,NA,NA,NA
Ornithion semiflavum,NA,6.6,94,NA,NA,NA,NA,NA,NA,NA
Phalaropus lobatus,NA,36.68,143,NA,NA,NA,NA,NA,NA,NA
Antrostomus ridgwayi,NA,0.0,497,NA,NA,NA,NA,NA,NA,NA
Granatellus sallaei,NA,9.9,6,NA,NA,NA,NA,NA,NA,NA
Calidris bairdii,NA,40.97,62,NA,NA,NA,NA,NA,NA,NA
Abeillia abeillei,NA,2.7,88,NA,NA,NA,NA,NA,NA,NA
Limnodromus griseus,NA,110.53,214,NA,NA,NA,NA,NA,NA,NA
Calidris virgata,NA,0.0,33,NA,NA,NA,NA,NA,NA,NA
Cathartes burrovianus,NA,935.0,9,NA,NA,NA,NA,NA,NA,NA
Sterna hirundo/paradisaea,NA,0.0,11,NA,NA,NA,NA,NA,NA,NA
Chlorophonia occipitalis,NA,25.8,178,NA,NA,NA,NA,NA,NA,NA
Cyanolyca cucullata,NA,101.33,196,NA,NA,NA,NA,NA,NA,NA
Phaethon aethereus/rubricauda,NA,0.0,1,NA,NA,NA,NA,NA,NA,NA
Poecilotriccus sylvia,NA,7.1,50,NA,NA,NA,NA,NA,NA,NA
Grallaria guatimalensis,NA,94.2,17,NA,NA,NA,NA,NA,NA,NA
Aves sp.,NA,0.0,65,NA,NA,NA,NA,NA,NA,NA
Spizella sp.,NA,0.0,7,NA,NA,NA,NA,NA,NA,NA
Anatidae sp. (teal sp.),NA,0.0,14,NA,NA,NA,NA,NA,NA,NA
Spatula cyanoptera,NA,0.0,175,NA,NA,NA,NA,NA,NA,NA
Amazona farinosa,NA,625.99,208,NA,NA,NA,NA,NA,NA,NA
Anas acuta,NA,944.62,235,NA,NA,NA,NA,NA,NA,NA
Dromococcyx phasianellus,NA,84.5,119,NA,NA,NA,NA,NA,NA,NA
Harpagus bidentatus,NA,215.25,34,NA,NA,NA,NA,NA,NA,NA
Polioptila sp.,NA,0.0,31,NA,NA,NA,NA,NA,NA,NA
Stilpnia larvata,NA,0.0,85,NA,NA,NA,NA,NA,NA,NA
Parulidae sp.,NA,0.0,88,NA,NA,NA,NA,NA,NA,NA
Leptodon cayanensis,NA,474.0,28,NA,NA,NA,NA,NA,NA,NA
Pluvialis dominica,NA,151.47,65,NA,NA,NA,NA,NA,NA,NA
Tyrannus sp. (yellow-bellied),NA,0.0,133,NA,NA,NA,NA,NA,NA,NA
Ictinia plumbea,NA,249.9,18,NA,NA,NA,NA,NA,NA,NA
Seiurus aurocapilla,NA,18.8,278,NA,NA,NA,NA,NA,NA,NA
Geotrygon montana,NA,133.86,86,NA,NA,NA,NA,NA,NA,NA
Plegadis falcinellus/chihi,NA,0.0,3,NA,NA,NA,NA,NA,NA,NA
Sporophila corvina,NA,10.62,117,NA,NA,NA,NA,NA,NA,NA
Amazilia yucatanensis,NA,3.89,104,NA,NA,NA,NA,NA,NA,NA
Tilmatura dupontii,NA,2.2,39,NA,NA,NA,NA,NA,NA,NA
Progne subis,NA,53.79,63,NA,NA,NA,NA,NA,NA,NA
Celeus castaneus,NA,85.59,33,NA,NA,NA,NA,NA,NA,NA
Glaucidium sp.,NA,0.0,18,NA,NA,NA,NA,NA,NA,NA
Calidris melanotos,NA,79.73,89,NA,NA,NA,NA,NA,NA,NA
Coccothraustes abeillei,NA,48.5,28,NA,NA,NA,NA,NA,NA,NA
Xiphocolaptes promeropirhynchus,NA,93.04,250,NA,NA,NA,NA,NA,NA,NA
Busarellus nigricollis,NA,766.14,4,NA,NA,NA,NA,NA,NA,NA
Dendrocygna bicolor,NA,756.37,82,NA,NA,NA,NA,NA,NA,NA
Vireo sp.,NA,0.0,75,NA,NA,NA,NA,NA,NA,NA
Vireo philadelphicus,NA,11.5,33,NA,NA,NA,NA,NA,NA,NA
Setophaga sp.,NA,0.0,17,NA,NA,NA,NA,NA,NA,NA
Clibanornis rubiginosus,NA,0.0,161,NA,NA,NA,NA,NA,NA,NA
Setophaga castanea,NA,0.0,2,NA,NA,NA,NA,NA,NA,NA
Manacus candei,NA,19.82,50,NA,NA,NA,NA,NA,NA,NA
Scolopacidae sp. (large shorebird sp.),NA,0.0,17,NA,NA,NA,NA,NA,NA,NA
Coccyzus erythropthalmus,NA,50.9,11,NA,NA,NA,NA,NA,NA,NA
Podicipedidae sp.,NA,0.0,8,NA,NA,NA,NA,NA,NA,NA
Geothlypis formosa,NA,0.0,74,NA,NA,NA,NA,NA,NA,NA
Icterus chrysater,NA,53.4,11,NA,NA,NA,NA,NA,NA,NA
Numenius americanus,NA,583.86,67,NA,NA,NA,NA,NA,NA,NA
Accipiter striatus/cooperii,NA,0.0,21,NA,NA,NA,NA,NA,NA,NA
Penelopina nigra,NA,889.99,1,NA,NA,NA,NA,NA,NA,NA
Vireo leucophrys,NA,12.3,107,NA,NA,NA,NA,NA,NA,NA
Geotrygon/Leptotrygon/Zentrygon sp.,NA,0.0,6,NA,NA,NA,NA,NA,NA,NA
Legatus leucophaius,NA,22.2,144,NA,NA,NA,NA,NA,NA,NA
Sclerurus mexicanus,NA,25.1,59,NA,NA,NA,NA,NA,NA,NA
Pharomachrus mocinno,NA,202.46,1,NA,NA,NA,NA,NA,NA,NA
Phalaropus tricolor,NA,0.0,137,NA,NA,NA,NA,NA,NA,NA
Dendrocolaptinae sp.,NA,0.0,27,NA,NA,NA,NA,NA,NA,NA
Botaurus lentiginosus,NA,706.0,16,NA,NA,NA,NA,NA,NA,NA
Anatinae sp.,NA,0.0,46,NA,NA,NA,NA,NA,NA,NA
Hylorchilus navai,NA,29.3,68,NA,NA,NA,NA,NA,NA,NA
Catharus minimus,NA,31.58,3,NA,NA,NA,NA,NA,NA,NA
Mionectes oleagineus,NA,11.17,125,NA,NA,NA,NA,NA,NA,NA
Setophaga fusca,NA,0.0,51,NA,NA,NA,NA,NA,NA,NA
Larinae sp.,NA,0.0,33,NA,NA,NA,NA,NA,NA,NA
Bartramia longicauda,NA,158.92,49,NA,NA,NA,NA,NA,NA,NA
Psiloscops flammeolus,NA,0.0,77,NA,NA,NA,NA,NA,NA,NA
Campylopterus excellens,NA,6.0,46,NA,NA,NA,NA,NA,NA,NA
Empidonax hammondii/oberholseri,NA,0.0,34,NA,NA,NA,NA,NA,NA,NA
Tyrannus tyrannus,NA,39.85,125,NA,NA,NA,NA,NA,NA,NA
Corvus sp. (raven sp.),NA,0.0,10,NA,NA,NA,NA,NA,NA,NA
Tyrannus savana,NA,31.9,65,NA,NA,NA,NA,NA,NA,NA
Setophaga townsendi x occidentalis,NA,0.0,44,NA,NA,NA,NA,NA,NA,NA
Calidris pusilla,NA,27.5,172,NA,NA,NA,NA,NA,NA,NA
Streptopelia decaocto,NA,148.96,745,NA,NA,NA,NA,NA,NA,NA
Aegolius acadicus,NA,100.69,35,NA,NA,NA,NA,NA,NA,NA
Sula dactylatra/granti,NA,0.0,45,NA,NA,NA,NA,NA,NA,NA
Spizaetus melanoleucus,NA,850.0,15,NA,NA,NA,NA,NA,NA,NA
Geothlypis sp. (yellowthroat sp.),NA,0.0,1,NA,NA,NA,NA,NA,NA,NA
Passerina sp.,NA,0.0,69,NA,NA,NA,NA,NA,NA,NA
Stercorarius pomarinus,NA,692.47,112,NA,NA,NA,NA,NA,NA,NA
Psittacara strenuus,NA,0.0,60,NA,NA,NA,NA,NA,NA,NA
Leptopogon amaurocephalus,NA,11.7,36,NA,NA,NA,NA,NA,NA,NA
Icteridae sp.,NA,0.0,36,NA,NA,NA,NA,NA,NA,NA
Caprimulgidae sp.,NA,0.0,7,NA,NA,NA,NA,NA,NA,NA
Furnariidae sp. (foliage-gleaner sp.),NA,0.0,1,NA,NA,NA,NA,NA,NA,NA
Accipiter sp.,NA,0.0,50,NA,NA,NA,NA,NA,NA,NA
Tyrannidae sp.,NA,0.0,23,NA,NA,NA,NA,NA,NA,NA
Geothlypis philadelphia,NA,0.0,20,NA,NA,NA,NA,NA,NA,NA
Sula sula,NA,1031.1,56,NA,NA,NA,NA,NA,NA,NA
Euphonia sp.,NA,0.0,65,NA,NA,NA,NA,NA,NA,NA
Leptotila sp.,NA,0.0,8,NA,NA,NA,NA,NA,NA,NA
Campephilus sp./Dryocopus lineatus,NA,0.0,1,NA,NA,NA,NA,NA,NA,NA
Corvidae sp. (jay sp.),NA,0.0,5,NA,NA,NA,NA,NA,NA,NA
Calidris sp. (peep sp.),NA,0.0,140,NA,NA,NA,NA,NA,NA,NA
Falco femoralis,NA,335.76,70,NA,NA,NA,NA,NA,NA,NA
Charadriiformes sp.,NA,0.0,68,NA,NA,NA,NA,NA,NA,NA
Haematopus palliatus,NA,601.45,255,NA,NA,NA,NA,NA,NA,NA
Empidonax virescens,NA,12.6,10,NA,NA,NA,NA,NA,NA,NA
Vireolanius pulchellus,NA,24.0,122,NA,NA,NA,NA,NA,NA,NA
Ceratopipra mentalis,NA,0.0,77,NA,NA,NA,NA,NA,NA,NA
Eucometis penicillata,NA,27.0,16,NA,NA,NA,NA,NA,NA,NA
Anas diazi,NA,0.0,6,NA,NA,NA,NA,NA,NA,NA
Archilochus colubris/alexandri,NA,0.0,36,NA,NA,NA,NA,NA,NA,NA
Calothorax lucifer/pulcher,NA,0.0,6,NA,NA,NA,NA,NA,NA,NA
Sturnella neglecta/magna,NA,0.0,2,NA,NA,NA,NA,NA,NA,NA
Selasphorus calliope,NA,0.0,17,NA,NA,NA,NA,NA,NA,NA
Puffinus sp. (black-and-white shearwater sp.),NA,0.0,50,NA,NA,NA,NA,NA,NA,NA
Ardenna grisea,NA,0.0,15,NA,NA,NA,NA,NA,NA,NA
Spizaetus ornatus,NA,1197.4,78,NA,NA,NA,NA,NA,NA,NA
Chaetura pelagica,NA,23.6,30,NA,NA,NA,NA,NA,NA,NA
Pheucticus ludovicianus/melanocephalus,NA,0.0,36,NA,NA,NA,NA,NA,NA,NA
Sclerurus guatemalensis,NA,34.7,6,NA,NA,NA,NA,NA,NA,NA
Lophornis helenae,NA,2.6,59,NA,NA,NA,NA,NA,NA,NA
Phaethornis longirostris/superciliosus,NA,0.0,1,NA,NA,NA,NA,NA,NA,NA
Oceanitidae/Hydrobatidae sp.,NA,0.0,49,NA,NA,NA,NA,NA,NA,NA
Sula dactylatra,NA,1732.08,44,NA,NA,NA,NA,NA,NA,NA
Procellariidae sp. (shearwater sp.),NA,0.0,41,NA,NA,NA,NA,NA,NA,NA
Icterus bullockii/galbula,NA,0.0,42,NA,NA,NA,NA,NA,NA,NA
Platyrinchus cancrominus,NA,9.2,62,NA,NA,NA,NA,NA,NA,NA
Phalaropus lobatus/fulicarius,NA,0.0,35,NA,NA,NA,NA,NA,NA,NA
Puffinus opisthomelas,NA,408.0,96,NA,NA,NA,NA,NA,NA,NA
Puffinus auricularis,NA,350.8,13,NA,NA,NA,NA,NA,NA,NA
Limnodromus griseus/scolopaceus,NA,0.0,61,NA,NA,NA,NA,NA,NA,NA
Tyrannus vociferans/verticalis,NA,0.0,22,NA,NA,NA,NA,NA,NA,NA
Strix fulvescens,NA,559.09,131,NA,NA,NA,NA,NA,NA,NA
Stercorarius maccormicki,NA,0.0,12,NA,NA,NA,NA,NA,NA,NA
Oceanodroma sp.,NA,0.0,1,NA,NA,NA,NA,NA,NA,NA
Piranga olivacea,NA,28.2,13,NA,NA,NA,NA,NA,NA,NA
Setophaga caerulescens,NA,0.0,4,NA,NA,NA,NA,NA,NA,NA
Crypturellus boucardi,NA,435.62,125,NA,NA,NA,NA,NA,NA,NA
Rallus limicola,NA,84.1,11,NA,NA,NA,NA,NA,NA,NA
Ixobrychus exilis,NA,86.29,5,NA,NA,NA,NA,NA,NA,NA
Hylomanes momotula,NA,29.3,46,NA,NA,NA,NA,NA,NA,NA
Heliornis fulica,NA,132.0,3,NA,NA,NA,NA,NA,NA,NA
Icterus bullockii x galbula,NA,0.0,22,NA,NA,NA,NA,NA,NA,NA
Aythya collaris,NA,704.55,214,NA,NA,NA,NA,NA,NA,NA
Toxostoma curvirostre/bendirei,NA,0.0,11,NA,NA,NA,NA,NA,NA,NA
Myiodynastes maculatus,NA,43.2,27,NA,NA,NA,NA,NA,NA,NA
Onychoprion fuscatus,NA,0.0,16,NA,NA,NA,NA,NA,NA,NA
Aquila chrysaetos,NA,4247.97,5,NA,NA,NA,NA,NA,NA,NA
Sterna sp.,NA,0.0,1,NA,NA,NA,NA,NA,NA,NA
Oceanodroma leucorhoa,NA,36.71,18,NA,NA,NA,NA,NA,NA,NA
Anous stolidus,NA,177.77,19,NA,NA,NA,NA,NA,NA,NA
Jabiru mycteria,NA,5996.29,6,NA,NA,NA,NA,NA,NA,NA
Haemorhous sp.,NA,0.0,11,NA,NA,NA,NA,NA,NA,NA
Aythya americana,NA,1075.69,182,NA,NA,NA,NA,NA,NA,NA
Chaetura pelagica/vauxi,NA,0.0,35,NA,NA,NA,NA,NA,NA,NA
Chaetura sp.,NA,0.0,18,NA,NA,NA,NA,NA,NA,NA
Setophaga striata,NA,0.0,3,NA,NA,NA,NA,NA,NA,NA
Contopus virens,NA,13.9,150,NA,NA,NA,NA,NA,NA,NA
Setophaga palmarum,NA,0.0,22,NA,NA,NA,NA,NA,NA,NA
Aix sponsa,NA,657.59,14,NA,NA,NA,NA,NA,NA,NA
Lophodytes cucullatus,NA,613.77,17,NA,NA,NA,NA,NA,NA,NA
Larus delawarensis,NA,516.31,46,NA,NA,NA,NA,NA,NA,NA
Notharchus hyperrhynchus,NA,95.89,4,NA,NA,NA,NA,NA,NA,NA
Eupsittula/Aratinga/Thectocercus/Psittacara sp.,NA,0.0,22,NA,NA,NA,NA,NA,NA,NA
Sula granti,NA,1732.08,47,NA,NA,NA,NA,NA,NA,NA
Empidonax alnorum/traillii,NA,0.0,75,NA,NA,NA,NA,NA,NA,NA
Oceanodroma tethys,NA,22.6,39,NA,NA,NA,NA,NA,NA,NA
Accipitridae sp. (hawk sp.),NA,0.0,84,NA,NA,NA,NA,NA,NA,NA
Vireo olivaceus,NA,16.06,47,NA,NA,NA,NA,NA,NA,NA
Calidris pugnax,NA,0.0,2,NA,NA,NA,NA,NA,NA,NA
Thalasseus maximus/elegans,NA,0.0,60,NA,NA,NA,NA,NA,NA,NA
Elanoides forficatus,NA,416.24,9,NA,NA,NA,NA,NA,NA,NA
Molothrus aeneus/ater,NA,0.0,4,NA,NA,NA,NA,NA,NA,NA
Limosa haemastica,NA,253.29,16,NA,NA,NA,NA,NA,NA,NA
Dolichonyx oryzivorus,NA,31.46,5,NA,NA,NA,NA,NA,NA,NA
Athene cunicularia,NA,150.61,11,NA,NA,NA,NA,NA,NA,NA
Puffinus nativitatis,NA,356.0,1,NA,NA,NA,NA,NA,NA,NA
Anthus cervinus,NA,20.9,4,NA,NA,NA,NA,NA,NA,NA
Onychoprion fuscatus/anaethetus,NA,0.0,8,NA,NA,NA,NA,NA,NA,NA
Anser caerulescens,NA,0.0,4,NA,NA,NA,NA,NA,NA,NA
Protonotaria citrea,NA,14.3,2,NA,NA,NA,NA,NA,NA,NA
Nyctiphrynus mcleodii,NA,35.0,5,NA,NA,NA,NA,NA,NA,NA
Antrostomus carolinensis,NA,0.0,12,NA,NA,NA,NA,NA,NA,NA
Gallinula chloropus/galeata,NA,0.0,1,NA,NA,NA,NA,NA,NA,NA
Falco mexicanus,NA,713.07,2,NA,NA,NA,NA,NA,NA,NA
Habia sp.,NA,0.0,11,NA,NA,NA,NA,NA,NA,NA
Mareca strepera,NA,0.0,157,NA,NA,NA,NA,NA,NA,NA
Tringa melanoleuca/flavipes,NA,0.0,20,NA,NA,NA,NA,NA,NA,NA
Xanthocephalus xanthocephalus,NA,62.68,10,NA,NA,NA,NA,NA,NA,NA
Spatula discors/cyanoptera,NA,0.0,5,NA,NA,NA,NA,NA,NA,NA
Petrochelidon fulva,NA,18.95,10,NA,NA,NA,NA,NA,NA,NA
Setophaga discolor,NA,0.0,4,NA,NA,NA,NA,NA,NA,NA
Oceanodroma leucorhoa/socorroensis/cheimomnestes,NA,0.0,22,NA,NA,NA,NA,NA,NA,NA
Buteogallus solitarius,NA,0.0,1,NA,NA,NA,NA,NA,NA,NA
Stercorarius pomarinus/parasiticus,NA,0.0,18,NA,NA,NA,NA,NA,NA,NA
Calidris pusilla/mauri,NA,0.0,51,NA,NA,NA,NA,NA,NA,NA
Sulidae sp.,NA,0.0,11,NA,NA,NA,NA,NA,NA,NA
Stercorarius longicaudus,NA,287.9,16,NA,NA,NA,NA,NA,NA,NA
Geothlypis tolmiei/philadelphia,NA,0.0,7,NA,NA,NA,NA,NA,NA,NA
Stercorarius sp. (jaeger sp.),NA,0.0,24,NA,NA,NA,NA,NA,NA,NA
Cathartidae sp.,NA,0.0,10,NA,NA,NA,NA,NA,NA,NA
Petrochelidon pyrrhonota/fulva,NA,0.0,8,NA,NA,NA,NA,NA,NA,NA
Myiopsitta monachus,NA,120.0,148,NA,NA,NA,NA,NA,NA,NA
Cypseloides sp.,NA,0.0,8,NA,NA,NA,NA,NA,NA,NA
Calidris alpina,NA,51.89,9,NA,NA,NA,NA,NA,NA,NA
Lipaugus unirufus,NA,82.1,42,NA,NA,NA,NA,NA,NA,NA
Pterodroma externa,NA,428.0,1,NA,NA,NA,NA,NA,NA,NA
Psarocolius sp.,NA,0.0,2,NA,NA,NA,NA,NA,NA,NA
Parkesia motacilla/noveboracensis,NA,0.0,28,NA,NA,NA,NA,NA,NA,NA
Turdidae sp.,NA,0.0,2,NA,NA,NA,NA,NA,NA,NA
Phalacrocorax auritus,NA,1806.49,1,NA,NA,NA,NA,NA,NA,NA
Campylopterus rufus,NA,7.1,26,NA,NA,NA,NA,NA,NA,NA
Zonotrichia leucophrys,NA,28.0,1,NA,NA,NA,NA,NA,NA,NA
Streptoprocne sp.,NA,0.0,1,NA,NA,NA,NA,NA,NA,NA
Sarcoramphus papa,NA,3400.0,49,NA,NA,NA,NA,NA,NA,NA
Stercorarius parasiticus/longicaudus,NA,0.0,10,NA,NA,NA,NA,NA,NA,NA
Nycticorax nycticorax/Nyctanassa violacea,NA,0.0,18,NA,NA,NA,NA,NA,NA,NA
Schiffornis veraepacis,NA,0.0,12,NA,NA,NA,NA,NA,NA,NA
Anatidae sp. (dabbling duck sp.),NA,0.0,13,NA,NA,NA,NA,NA,NA,NA
Lophostrix cristata,NA,538.66,8,NA,NA,NA,NA,NA,NA,NA
Ardenna grisea/tenuirostris,NA,0.0,3,NA,NA,NA,NA,NA,NA,NA
Florisuga mellivora,NA,7.4,7,NA,NA,NA,NA,NA,NA,NA
Pluvialis fulva,NA,134.9,1,NA,NA,NA,NA,NA,NA,NA
Accipiter bicolor,NA,287.54,8,NA,NA,NA,NA,NA,NA,NA
Limnothlypis swainsonii,NA,18.9,2,NA,NA,NA,NA,NA,NA,NA
Pionus sp.,NA,0.0,1,NA,NA,NA,NA,NA,NA,NA
Antrostomus vociferus/arizonae,NA,0.0,1,NA,NA,NA,NA,NA,NA,NA
Pluvialis sp.,NA,0.0,10,NA,NA,NA,NA,NA,NA,NA
Larus californicus,NA,683.39,11,NA,NA,NA,NA,NA,NA,NA
Aythya sp.,NA,0.0,4,NA,NA,NA,NA,NA,NA,NA
Spatula discors x cyanoptera,NA,0.0,4,NA,NA,NA,NA,NA,NA,NA
Leiothlypis luciae,NA,0.0,11,NA,NA,NA,NA,NA,NA,NA
Setophaga townsendi/occidentalis,NA,0.0,13,NA,NA,NA,NA,NA,NA,NA
Apodidae sp. (large swift sp.),NA,0.0,2,NA,NA,NA,NA,NA,NA,NA
Caprimulgus sp.,NA,0.0,1,NA,NA,NA,NA,NA,NA,NA
Megascops sp.,NA,0.0,1,NA,NA,NA,NA,NA,NA,NA
Apodidae sp. (small swift sp.),NA,0.0,1,NA,NA,NA,NA,NA,NA,NA
Calidris alpina x fuscicollis,NA,0.0,1,NA,NA,NA,NA,NA,NA,NA
Thryophilus sinaloa,NA,0.0,12,NA,NA,NA,NA,NA,NA,NA
Geranoaetus/Buteo sp.,NA,0.0,1,NA,NA,NA,NA,NA,NA,NA
Sula sp.,NA,0.0,11,NA,NA,NA,NA,NA,NA,NA
Plegadis falcinellus,NA,626.61,3,NA,NA,NA,NA,NA,NA,NA
Eupherusa poliocerca,NA,4.85,4,NA,NA,NA,NA,NA,NA,NA
Phalaropus sp.,NA,0.0,34,NA,NA,NA,NA,NA,NA,NA
Icterus spurius/cucullatus,NA,0.0,10,NA,NA,NA,NA,NA,NA,NA
Setophaga chrysoparia,NA,0.0,13,NA,NA,NA,NA,NA,NA,NA
Passerina amoena/cyanea,NA,0.0,5,NA,NA,NA,NA,NA,NA,NA
Oceanodroma leucorhoa/socorroensis (dark-rumped),NA,0.0,19,NA,NA,NA,NA,NA,NA,NA
Gavia immer,NA,4956.81,2,NA,NA,NA,NA,NA,NA,NA
Thalasseus sp.,NA,0.0,1,NA,NA,NA,NA,NA,NA,NA
Pseudobulweria rostrata,NA,409.0,14,NA,NA,NA,NA,NA,NA,NA
Ardea/Egretta/Bubulcus sp.,NA,0.0,27,NA,NA,NA,NA,NA,NA,NA
Buteo/eagle sp.,NA,0.0,1,NA,NA,NA,NA,NA,NA,NA
Myiodynastes maculatus/luteiventris,NA,0.0,1,NA,NA,NA,NA,NA,NA,NA
Onychoprion anaethetus,NA,0.0,13,NA,NA,NA,NA,NA,NA,NA
Selasphorus rufus/sasin,NA,0.0,8,NA,NA,NA,NA,NA,NA,NA
Columba livia/Patagioenas fasciata,NA,0.0,1,NA,NA,NA,NA,NA,NA,NA
Phaethon sp.,NA,0.0,1,NA,NA,NA,NA,NA,NA,NA
Myioborus sp.,NA,0.0,2,NA,NA,NA,NA,NA,NA,NA
Sphyrapicus thyroideus,NA,47.6,5,NA,NA,NA,NA,NA,NA,NA
Sterna paradisaea,NA,110.0,14,NA,NA,NA,NA,NA,NA,NA
Laridae sp.,NA,0.0,18,NA,NA,NA,NA,NA,NA,NA
Cantorchilus modestus,NA,0.0,49,NA,NA,NA,NA,NA,NA,NA
Henicorhina sp.,NA,0.0,9,NA,NA,NA,NA,NA,NA,NA
Spinus sp.,NA,0.0,11,NA,NA,NA,NA,NA,NA,NA
Catharus fuscescens,NA,31.9,4,NA,NA,NA,NA,NA,NA,NA
Asio otus,NA,296.57,4,NA,NA,NA,NA,NA,NA,NA
Falco sp. (small falcon sp.),NA,0.0,7,NA,NA,NA,NA,NA,NA,NA
Falco sp. (large falcon sp.),NA,0.0,4,NA,NA,NA,NA,NA,NA,NA
Columbina sp.,NA,0.0,15,NA,NA,NA,NA,NA,NA,NA
Spizaetus sp.,NA,0.0,2,NA,NA,NA,NA,NA,NA,NA
Falco sp.,NA,0.0,10,NA,NA,NA,NA,NA,NA,NA
Spinus sp. (goldfinch sp.),NA,0.0,3,NA,NA,NA,NA,NA,NA,NA
Lonchura malacca,NA,12.6,3,NA,NA,NA,NA,NA,NA,NA
Psittacara sp.,NA,0.0,9,NA,NA,NA,NA,NA,NA,NA
Dendrocolaptes sp.,NA,0.0,1,NA,NA,NA,NA,NA,NA,NA
Momotidae sp.,NA,0.0,8,NA,NA,NA,NA,NA,NA,NA
Coccyzus sp.,NA,0.0,8,NA,NA,NA,NA,NA,NA,NA
Patagioenas sp.,NA,0.0,1,NA,NA,NA,NA,NA,NA,NA
Haemorhous cassinii,NA,0.0,5,NA,NA,NA,NA,NA,NA,NA
Phaethornis sp.,NA,0.0,9,NA,NA,NA,NA,NA,NA,NA
Aythya marila/affinis,NA,0.0,3,NA,NA,NA,NA,NA,NA,NA
Sporophila sp.,NA,0.0,6,NA,NA,NA,NA,NA,NA,NA
Tityra sp.,NA,0.0,3,NA,NA,NA,NA,NA,NA,NA
Amaurospiza concolor,NA,13.1,4,NA,NA,NA,NA,NA,NA,NA
Mergus serrator,NA,1015.17,1,NA,NA,NA,NA,NA,NA,NA
Heliomaster longirostris/constantii,NA,0.0,2,NA,NA,NA,NA,NA,NA,NA
Antrostomus sp.,NA,0.0,1,NA,NA,NA,NA,NA,NA,NA
Buteogallus anthracinus/urubitinga,NA,0.0,8,NA,NA,NA,NA,NA,NA,NA
Petrochelidon sp.,NA,0.0,2,NA,NA,NA,NA,NA,NA,NA
Buteogallus sp.,NA,0.0,3,NA,NA,NA,NA,NA,NA,NA
Psittacara holochlorus/strenuus,NA,0.0,5,NA,NA,NA,NA,NA,NA,NA
Lepidocolaptes sp.,NA,0.0,6,NA,NA,NA,NA,NA,NA,NA
Ictinia mississippiensis/plumbea,NA,0.0,2,NA,NA,NA,NA,NA,NA,NA
Archilochus alexandri,NA,3.39,1,NA,NA,NA,NA,NA,NA,NA
Regulus sp.,NA,0.0,2,NA,NA,NA,NA,NA,NA,NA
Anser sp.,NA,0.0,1,NA,NA,NA,NA,NA,NA,NA
Rallidae sp. (rail/crake sp.),NA,0.0,4,NA,NA,NA,NA,NA,NA,NA
Aythya valisineria,NA,1202.0,3,NA,NA,NA,NA,NA,NA,NA
Thraupis sp.,NA,0.0,5,NA,NA,NA,NA,NA,NA,NA
Oceanitidae/Hydrobatidae sp. (dark-rumped),NA,0.0,2,NA,NA,NA,NA,NA,NA,NA
Oceanitidae/Hydrobatidae sp. (white-rumped),NA,0.0,2,NA,NA,NA,NA,NA,NA,NA
Toxostoma sp.,NA,0.0,2,NA,NA,NA,NA,NA,NA,NA
Aquila chrysaetos/Haliaeetus leucocephalus,NA,0.0,1,NA,NA,NA,NA,NA,NA,NA
Columbina passerina/talpacoti,NA,0.0,1,NA,NA,NA,NA,NA,NA,NA
